Ticket_Number,O_Violation_Location_Borough,O_Violation_Location_Block_No.,O_Violation_Location_Lot_No,O_Violation_Location_House_No.,O_Violation_Location_Street_Name,O_Violation_Location_City,O_Violation_Location_Zip_Code,O_Violation_Location_State_Name,Category (Gemini),Revised_Address (Gemini),Updated_Address,Ticket used,,,,,,,,,,,,,
196384440,BROOKLYN,.,.,.,N W CORNER MARCUS GARVEY HAL,BROOKLYN,.,NEW YORK,Insufficient Information,N W CORNER MARCUS GARVEY HAL,Halsey St & Marcus Garvey Blvd,TRUE,,,,,,,,,,,,,
197771310,MANHATTAN,.,.,.,INTERSECTION BROADWAY E HOUS,NEW YORK,.,NEW YORK,Insufficient Information,INTERSECTION BROADWAY E HOUS,Broadway & E Houston St,FALSE,,,,,,,,,,,,,
197789415,MANHATTAN,.,.,.,E HOUSTON MOTT ST N W CORNER,NEW YORK,.,NEW YORK,Insufficient Information,E HOUSTON MOTT ST,E Houston St & Mott St,FALSE,,,,,,,,,,,,,
197817025,MANHATTAN,.,.,.,E B E HOUSTON ONTO S B COLUM,NEW YORK,.,NEW YORK,Insufficient Information,E HOUSTON ONTO S B COLUM,E Houston St & Columbia St,TRUE,,,,,,,,,,,,,
197844323,MANHATTAN,.,.,.,AVE D EAST HOUSTON,NEW YORK,.,NEW YORK,Insufficient Information,AVE D EAST HOUSTON,E Houston St & Avenue D,FALSE,,,,,,,,,,,,,
198092768,MANHATTAN,.,.,.,CHAMBERS CHURCH ST,NEW YORK,.,NEW YORK,Insufficient Information,CHAMBERS CHURCH ST,Chambers St & Church St,FALSE,,,,,,,,,,,,,
198204198,MANHATTAN,.,.,.,I O 7 AVENUE WEST 26 STREET,NEW YORK,.,NEW YORK,Insufficient Information,7 AVENUE WEST 26 STREET,W 26th St & 7th Ave,FALSE,,,,,,,,,,,,,
198433941,MANHATTAN,.,.,.,S W C O AMSTERDAM W 145 ST,NEW YORK,.,NEW YORK,Insufficient Information,AMSTERDAM W 145 ST,W 145 St & Amsterdam Av,FALSE,,,,,,,,,,,,,
198440303,MANHATTAN,.,.,.,ST NICHOLAS AVENUE W 127 STR,NEW YORK,.,NEW YORK,Insufficient Information,ST NICHOLAS AVENUE W 127 STR,St Nicholas Ave & W 127th St,FALSE,,,,,,,,,,,,,
198585925,MANHATTAN,.,.,.,2 AVENUE EAST 97 ST,NEW YORK,.,NEW YORK,Insufficient Information,2 AVENUE EAST 97 ST,2nd Ave & E 97th St,FALSE,,,,,,,,,,,,,
198923102,QUEENS,.,.,.,METROPOLITAN 73 PL,QUEENS,.,NEW YORK,Insufficient Information,METROPOLITAN 73 PL,Metropolitan Ave & 73rd Pl,FALSE,,,,,,,,,,,,,
199003760,QUEENS,.,.,.,S E C O JOHN F KENNEDY CIR 6,QUEENS,.,NEW YORK,Insufficient Information,JOHN F KENNEDY CIR 6,John F Kennedy Cir & 68th Ave,TRUE,,,,,,,,,,,,,
199083794,QUEENS,.,.,.,S E HORACE HARDING JUNCTION,QUEENS,.,NEW YORK,Insufficient Information,S E HORACE HARDING JUNCTION,Junction Blvd & Horace Harding Expy,TRUE,,,,,,,,,,,,,
199205610,QUEENS,.,.,.,35 AVENUE PARSONS BOULEVARD,QUEENS,.,NEW YORK,Insufficient Information,35 AVENUE PARSONS BOULEVARD,35th Ave & Parsons Blvd,FALSE,,,,,,,,,,,,,
199213200,QUEENS,.,.,.,BOOTH MEMORIAL 137 ST,QUEENS,.,NEW YORK,Insufficient Information,BOOTH MEMORIAL 137 ST,Booth Memorial Ave & 137th St,FALSE,,,,,,,,,,,,,
199237015,QUEENS,.,.,.,INTERSECTION OF HOYT AVES 27,QUEENS,.,NEW YORK,Insufficient Information,INTERSECTION OF HOYT AVES 27,27th St & Hoyt Ave S,FALSE,,,,,,,,,,,,,
199239013,QUEENS,.,.,.,INTERSECTION OF BROADWAY 30,QUEENS,.,NEW YORK,Insufficient Information,INTERSECTION OF BROADWAY 30,Broadway & 30th St,FALSE,,,,,,,,,,,,,
199244019,QUEENS,.,.,.,I O DAHLIA AVENUE MAIN STREE,QUEENS,.,NEW YORK,Insufficient Information,DAHLIA AVENUE MAIN STREE,Main St & Dahlia Ave,FALSE,,,,,,,,,,,,,
199264818,QUEENS,.,.,.,S E C O WHIITESTONE EXP SR 1,QUEENS,.,NEW YORK,Insufficient Information,WHIITESTONE EXP SR 1,Whitestone Expy & 14th Ave,TRUE,,,,,,,,,,,,,
199330322,QUEENS,.,.,.,S W CORNER OF WINCHESTER BLV,QUEENS,.,NEW YORK,Insufficient Information,S W CORNER OF WINCHESTER BLV,Winchester Blvd & Hillside Ave,TRUE,,,,,,,,,,,,,
199516002,QUEENS,.,.,.,I O MOTT AVENUE BEACH CHANNE,QUEENS,.,NEW YORK,Insufficient Information,MOTT AVENUE BEACH CHANNE,Beach Channel Dr & Mott Ave,FALSE,,,,,,,,,,,,,
199615397,QUEENS,.,.,.,JAMAICA AE FOREST PARK DR,QUEENS,.,NEW YORK,Insufficient Information,JAMAICA AE FOREST PARK DR,Jamaica Ave & Forest Pkwy,FALSE,,,,,,,,,,,,,
199725938,BROOKLYN,.,.,.,E 83RD FOSTER,BROOKLYN,.,NEW YORK,Insufficient Information,E 83RD FOSTER,E 83rd St & Foster Ave,FALSE,,,,,,,,,,,,,
199771579,BROOKLYN,.,.,.,E B AVENUE J W B E 17 STREET,BROOKLYN,.,NEW YORK,Insufficient Information,AVENUE J W B E 17 STREET,Avenue J & E 17th St,FALSE,,,,,,,,,,,,,
199822050,BROOKLYN,.,.,.,AVE K E 72 ST,BROOKLYN,.,NEW YORK,Insufficient Information,AVE K E 72 ST,Avenue K & E 72nd St,FALSE,,,,,,,,,,,,,
199913836,BROOKLYN,.,.,.,C O AVENUE V W 7 STREET,BROOKLYN,.,NEW YORK,Insufficient Information,AVENUE V W 7 STREET,Ave V & W 7th St,FALSE,,,,,,,,,,,,,
199913845,BROOKLYN,.,.,.,C O SENSON AVENUE BAY 32 STR,BROOKLYN,.,NEW YORK,Insufficient Information,SENSON AVENUE BAY 32 STR,Benson Ave & Bay 32nd St,TRUE,,,,,,,,,,,,,
199925303,BROOKLYN,.,.,.,AVE N E 56 ST,BROOKLYN,.,NEW YORK,Insufficient Information,AVE N E 56 ST,Avenue N & E 56th St,FALSE,,,,,,,,,,,,,
199961282,BROOKLYN,.,.,.,INTERSECTION OF 71ST STREET,BROOKLYN,.,NEW YORK,Insufficient Information,INTERSECTION OF 71ST STREET,Ridge Blvd & 71st St,TRUE,,,,,,,,,,,,,
199975041,BROOKLYN,.,.,.,N B C O FT HAMILTON PKWAY 48,BROOKLYN,.,NEW YORK,Insufficient Information,C O FT HAMILTON PKWAY 48,Fort Hamilton Pkwy & 48th St,TRUE,,,,,,,,,,,,,
199975142,BROOKLYN,.,.,.,AVE M EAST 4TH ST,BROOKLYN,.,NEW YORK,Insufficient Information,AVE M EAST 4TH ST,E 4th St & Avenue M,FALSE,,,,,,,,,,,,,
199991359,BROOKLYN,.,.,.,INTERSECTION OF OVINGTON AVE,BROOKLYN,.,NEW YORK,Insufficient Information,INTERSECTION OF OVINGTON AVE,5th Ave & Ovington Ave,TRUE,,,,,,,,,,,,,
200008784,BROOKLYN,.,.,.,S W CORNER FLATBUSH AVENUE I,BROOKLYN,.,NEW YORK,Insufficient Information,S W CORNER FLATBUSH AVENUE I,Avenue U & Flatbush Ave,TRUE,,,,,,,,,,,,,
200064563,BROOKLYN,.,.,.,I O AVE M E 2ND ST,BROOKLYN,.,NEW YORK,Insufficient Information,AVE M E 2ND ST,E 2nd St & Avenue M,FALSE,,,,,,,,,,,,,
200182337,BROOKLYN,.,.,.,I O S B OCEAN AVENUE AVENUE,BROOKLYN,.,NEW YORK,Insufficient Information,OCEAN AVENUE AVENUE,Ocean Ave & Avenue W,TRUE,,,,,,,,,,,,,
200210369,BROOKLYN,.,.,.,AVENUE X EAST 7 ST,BROOKLYN,.,NEW YORK,Insufficient Information,AVENUE X EAST 7 ST,E 7th St & Ave. X,TRUE,,,,,,,,,,,,,
200229069,BROOKLYN,.,.,.,S E C O AVE L E 102 STREET,BROOKLYN,.,NEW YORK,Insufficient Information,AVE L E 102 STREET,Avenue L & E 102nd St,FALSE,,,,,,,,,,,,,
200262270,BROOKLYN,.,.,.,25 AVENUE BATH AVENUE,BROOKLYN,.,NEW YORK,Insufficient Information,25 AVENUE BATH AVENUE,25th Ave & Bath Ave,FALSE,,,,,,,,,,,,,
200285755,BROOKLYN,.,.,.,AVE T E 3 STREET,BROOKLYN,.,NEW YORK,Insufficient Information,AVE T E 3 STREET,Avenue T & E 3rd St,FALSE,,,,,,,,,,,,,
200286781,BROOKLYN,.,.,.,I O AVENUE Y E 27 ST,BROOKLYN,.,NEW YORK,Insufficient Information,AVENUE Y E 27 ST,E 27th St & Ave Y,FALSE,,,,,,,,,,,,,
200343038,BRONX,.,.,.,BRONX RIVER WESTCHESTER,BRONX,.,NEW YORK,Insufficient Information,BRONX RIVER WESTCHESTER,Bronx River Ave & Westchester Ave,FALSE,,,,,,,,,,,,,
200419075,BRONX,.,.,.,DAVIDSON W TREMONT AVE,BRONX,.,NEW YORK,Insufficient Information,DAVIDSON W TREMONT AVE,West Tremont Ave/Davidson Ave,FALSE,,,,,,,,,,,,,
200478329,BRONX,.,.,.,RESERVOIR OVAL WEST TRYON AV,BRONX,.,NEW YORK,Insufficient Information,RESERVOIR OVAL WEST TRYON AV,Reservoir Oval W & Tryon Ave,FALSE,,,,,,,,,,,,,
200618047,BRONX,.,.,.,NELSON AVENUE W 168 ST,BRONX,.,NEW YORK,Insufficient Information,NELSON AVENUE W 168 ST,Nelson Ave & W 168th St,FALSE,,,,,,,,,,,,,
200769535,BRONX,.,.,.,SOUTHERN WESTCHESTER AVE,BRONX,.,NEW YORK,Insufficient Information,SOUTHERN WESTCHESTER AVE,Southern Blvd & Westchester Ave,FALSE,,,,,,,,,,,,,
200887776,BRONX,.,.,.,S W C O WEST KINGBRIDGE RD-U,BRONX,.,NEW YORK,Insufficient Information,WEST KINGBRIDGE RD-U,W Kingsbridge Rd & University Ave,TRUE,,,,,,,,,,,,,
201077728,BROOKLYN,.,.,.,UNION RALPH AVE,BROOKLYN,.,NEW YORK,Insufficient Information,UNION RALPH AVE,Union St & Ralph Ave,FALSE,,,,,,,,,,,,,
201101048,BROOKLYN,.,.,.,PT PITBU THATFORD,BROOKLYN,.,NEW YORK,Insufficient Information,PT PITBU THATFORD,Thatford Ave & Pitkin Ave,TRUE,,,,,,,,,,,,,
201115036,BROOKLYN,.,.,.,FLATBUSH AVENUE EXTENSION WI,BROOKLYN,.,NEW YORK,Insufficient Information,FLATBUSH AVENUE EXTENSION WI,Willoughby St & Flatbush Ave Ext,TRUE,,,,,,,,,,,,,
201175050,BROOKLYN,.,.,.,HOWARD MACDOUGAL ST,BROOKLYN,.,NEW YORK,Insufficient Information,HOWARD MACDOUGAL ST,MacDougal St & Howard Ave,FALSE,,,,,,,,,,,,,
201311541,BROOKLYN,.,.,.,BROOKLYN BERGEN STREET,BROOKLYN,.,NEW YORK,Insufficient Information,BROOKLYN BERGEN STREET,Bergen St & Brooklyn Ave,FALSE,,,,,,,,,,,,,
201443871,BROOKLYN,.,.,.,I O N E GREEN LEWIS,BROOKLYN,.,NEW YORK,Insufficient Information,N E GREEN LEWIS,Lewis Ave & Greene Ave,FALSE,,,,,,,,,,,,,
201461646,BROOKLYN,.,.,.,E B MADISON,BROOKLYN,.,NEW YORK,Insufficient Information,MADISON,Madison St & Marcy Ave,TRUE,,,,,,,,,,,,,
201463570,BROOKLYN,.,.,.,ST ANDREWS PARK KINGSTON HER,BROOKLYN,.,NEW YORK,Insufficient Information,ST ANDREWS PARK KINGSTON HER,Kingston Ave & Herkimer St,TRUE,,,,,,,,,,,,,
201511678,BROOKLYN,.,.,.,OPP 295 MONROE,BROOKLYN,.,NEW YORK,Insufficient Information,OPP 295 MONROE,295 Monroe St,FALSE,,,,,,,,,,,,,
201518599,BROOKLYN,.,.,.,W B GATESSAWOVEN THROOP AVE,BROOKLYN,.,NEW YORK,Insufficient Information,GATESSAWOVEN THROOP AVE,Throop Ave & Gates Ave,TRUE,,,,,,,,,,,,,
201532486,BROOKLYN,.,.,.,SOUTH OXFORD FULTON ST,BROOKLYN,.,NEW YORK,Insufficient Information,SOUTH OXFORD FULTON ST,S Oxford St & Fulton St,FALSE,,,,,,,,,,,,,
201566247,BROOKLYN,.,.,.,I O MALCOLM X DECATUR,BROOKLYN,.,NEW YORK,Insufficient Information,MALCOLM X DECATUR,Decatur St & Malcolm X Blvd,FALSE,,,,,,,,,,,,,
202985860,.,.,.,.,.,.,.,.,Insufficient Information,Not enough information to decipher,2253 3rd Ave,TRUE,,,,,,,,,,,,,
202988610,MANHATTAN,.,.,.,N W E 124 MADISON AVE,NEW YORK,.,NEW YORK,Insufficient Information,N W E 124 MADISON AVE,Madison Ave & E 124th St,FALSE,,,,,,,,,,,,,
203065812,QUEENS,.,.,.,W B JAMAICA AVENUE 113 ST,QUEENS,.,NEW YORK,Insufficient Information,JAMAICA AVENUE 113 ST,Jamaica Ave & 113th St,FALSE,,,,,,,,,,,,,
203086070,QUEENS,.,.,.,211 HILLSIDE AVENUE,QUEENS,.,NEW YORK,Insufficient Information,211 HILLSIDE AVENUE,211th St & Hillside Ave.,FALSE,,,,,,,,,,,,,
203305594,BROOKLYN,.,.,.,AVE CONEY ISLAND AVE,BROOKLYN,.,NEW YORK,Insufficient Information,AVE CONEY ISLAND AVE,Coney Island Ave & Avenue H,TRUE,,,,,,,,,,,,,
203307987,BROOKLYN,.,.,.,I O AVE K BEDFORD AVE,BROOKLYN,.,NEW YORK,Insufficient Information,AVE K BEDFORD AVE,Bedford Ave & Avenue K,FALSE,,,,,,,,,,,,,
206165576,QUEENS,.,.,.,24 AVENUE 87 STREET,QUEENS,.,NEW YORK,Insufficient Information,24 AVENUE 87 STREET,87th St & 24th Ave,FALSE,,,,,,,,,,,,,
207696895,NOT NYC,.,.,.,W 206TH 6TH AVE,.,.,NEW YORK,Insufficient Information,W 206TH 6TH AVE,N/A,TRUE,,,,,,,,,,,,,
207807261,BRONX,.,.,.,WILKINSON AVENUE MAYFLOWER A,BRONX,.,NEW YORK,Insufficient Information,WILKINSON AVENUE MAYFLOWER A,Wilkinson Ave & Mayflower Ave,FALSE,,,,,,,,,,,,,
207861500,BROOKLYN,.,.,.,NEPTUNE AVENUE STILLWELL AVE,BROOKLYN,.,NEW YORK,Insufficient Information,NEPTUNE AVENUE STILLWELL AVE,Stillwell Ave & Neptune Ave,FALSE,,,,,,,,,,,,,
208111916,BROOKLYN,.,.,.,MYRTLE - WILLOUGHBY AVENUE,BROOKLYN,.,NEW YORK,Insufficient Information,MYRTLE - WILLOUGHBY AVENUE,Myrtle Ave & Willoughby Ave,FALSE,,,,,,,,,,,,,
208115674,BROOKLYN,.,.,.,S E CORNER OF LORIMER STREET,BROOKLYN,.,NEW YORK,Insufficient Information,S E CORNER OF LORIMER STREET,Scholes St & Lorimer St,FALSE,,,,,,,,,,,,,
208115692,BROOKLYN,.,.,.,S E CORNER OF MORGAN AVENUE,BROOKLYN,.,NEW YORK,Insufficient Information,S E CORNER OF MORGAN AVENUE,Scholes St & Morgan Ave,FALSE,,,,,,,,,,,,,
208115739,BROOKLYN,.,.,.,N E CORNER OF BOGART STREET,BROOKLYN,.,NEW YORK,Insufficient Information,N E CORNER OF BOGART STREET,Moore St & Bogart St,FALSE,,,,,,,,,,,,,
209565795,.,.,.,.,.,.,.,.,Insufficient Information,Not enough information to decipher,98-20 41st Ave,TRUE,,,,,,,,,,,,,
211809180,BROOKLYN,.,.,.,MONTROSE UNION AVE,BROOKLYN,.,NEW YORK,Insufficient Information,MONTROSE UNION AVE,Montrose Ave & Union Ave,FALSE,,,,,,,,,,,,,
198928795,QUEENS,.,.,.,E B ON 80TH STREET,QUEENS,.,NEW YORK,Insufficient Information,ON 80TH STREET,80th St,TRUE,,,,,,,,,,,,,
196391571,BROOKLYN,.,.,.,LAFAYETTE GRAND AVE,BROOKLYN,.,NEW YORK,Insufficient Information,LAFAYETTE GRAND AVE,Grand Ave & Lafayette Ave,FALSE,,,,,,,,,,,,,
196441722,BROOKLYN,.,.,.,I O UNION AVENUE AINSLIE STR,BROOKLYN,.,NEW YORK,Insufficient Information,UNION AVENUE AINSLIE STR,Ainslie St & Union Ave,FALSE,,,,,,,,,,,,,
198226921,MANHATTAN,.,.,.,N W CORNER OF W 57 9 AVE,NEW YORK,.,NEW YORK,Insufficient Information,N W CORNER OF W 57 9 AVE,9th Ave & W 57th St,FALSE,,,,,,,,,,,,,
199416508,QUEENS,.,.,.,157 AVENUE 91 STREET,QUEENS,.,NEW YORK,Insufficient Information,157 AVENUE 91 STREET,157th Ave & 91st St,FALSE,,,,,,,,,,,,,
199732089,BROOKLYN,.,.,.,AVENUE M OCEAN AVENUE,BROOKLYN,.,NEW YORK,Insufficient Information,AVENUE M OCEAN AVENUE,Ocean Ave & Avenue M,FALSE,,,,,,,,,,,,,
200124715,BRONX,.,.,.,F O 537 139 STREET,BRONX,.,NEW YORK,Insufficient Information,F O 537 139 STREET,537 E 139th St,FALSE,,,,,,,,,,,,,
200124733,BRONX,.,.,.,F O 537 139 STREET,BRONX,.,NEW YORK,Insufficient Information,F O 537 139 STREET,537 E 139th St,FALSE,,,,,,,,,,,,,
200449289,BRONX,.,.,.,ZEREGA AVENUE BRUCKNER BLVD,BRONX,.,NEW YORK,Insufficient Information,ZEREGA AVENUE BRUCKNER BLVD,Bruckner Blvd & Zerega Ave,FALSE,,,,,,,,,,,,,
200450764,BRONX,.,.,.,BOYNTON AVENUE WESTCHESTER A,BRONX,.,NEW YORK,Insufficient Information,BOYNTON AVENUE WESTCHESTER A,Boynton Ave & Westchester Ave,FALSE,,,,,,,,,,,,,
201052639,BRONX,.,.,.,C O ROMBOUTS AVENUE GIVAN AV,BRONX,.,NEW YORK,Insufficient Information,ROMBOUTS AVENUE GIVAN AV,Givan Ave & Rombouts Ave,FALSE,,,,,,,,,,,,,
201525208,BROOKLYN,.,.,.,JORALEMON FURMAN ST,BROOKLYN,.,NEW YORK,Insufficient Information,JORALEMON FURMAN ST,Joralemon St & Furman St,FALSE,,,,,,,,,,,,,
201675578,BROOKLYN,.,.,.,E 152ND COURTLANDT AVE,BROOKLYN,.,NEW YORK,Insufficient Information,E 152ND COURTLANDT AVE,E 152nd St & Courtlandt Ave,FALSE,,,,,,,,,,,,,
202888328,QUEENS,.,.,.,W B QUEENS MIDTOWN BAY 42 ST,QUEENS,.,NEW YORK,Insufficient Information,QUEENS MIDTOWN BAY 42 ST,Queens Midtown Expy & 42nd St,FALSE,,,,,,,,,,,,,
203315366,MANHATTAN,.,.,.,W 45TH 8TH AVE,NEW YORK,.,NEW YORK,Insufficient Information,W 45TH 8TH AVE,8th Ave & W 45th St,FALSE,,,,,,,,,,,,,
204621780,NOT NYC,.,.,.,WEST 33RD 7TH AVE,.,.,.,Insufficient Information,WEST 33RD 7TH AVE,7th Ave & W 33rd St,FALSE,,,,,,,,,,,,,
206063588,BROOKLYN,.,.,.,I O AVE P OCEAN AVE,BROOKLYN,.,NEW YORK,Insufficient Information,AVE P OCEAN AVE,Ocean Ave & Avenue P,FALSE,,,,,,,,,,,,,
208119717,BROOKLYN,.,.,.,MARCUS GARVEY MYRTLE AV,BROOKLYN,.,NEW YORK,Insufficient Information,MARCUS GARVEY MYRTLE AV,Myrtle Ave & Marcus Garvey Blvd,FALSE,,,,,,,,,,,,,
190692554,MANHATTAN,.,.,.,INTERSECTION E 32 3 AVENUE,NEW YORK,.,NEW YORK,Insufficient Information,INTERSECTION E 32 3 AVENUE,E 32nd St & 3rd Ave,FALSE,,,,,,,,,,,,,
196675858,MANHATTAN,.,.,.,W 35TH BROADWAY,NEW YORK,.,NEW YORK,Insufficient Information,W 35TH BROADWAY,Broadway & W 35th St,FALSE,,,,,,,,,,,,,
196675867,MANHATTAN,.,.,.,W 35TH BROADWAY,NEW YORK,.,NEW YORK,Insufficient Information,W 35TH BROADWAY,Broadway & W 35th St,FALSE,,,,,,,,,,,,,
197760705,MANHATTAN,.,.,.,44 8TH AVE,NEW YORK,.,NEW YORK,Insufficient Information,44 8TH AVE,8th Ave & 44th St,FALSE,,,,,,,,,,,,,
197934853,MANHATTAN,.,.,.,WEST 33RD 10TH AVE,NEW YORK,.,NEW YORK,Insufficient Information,WEST 33RD 10TH AVE,10th Ave & W 33rd St,FALSE,,,,,,,,,,,,,
198161316,MANHATTAN,.,.,.,3RD AVENUE EAST 34 STREET,NEW YORK,.,NEW YORK,Insufficient Information,3RD AVENUE EAST 34 STREET,E 34th St & 3rd Ave,FALSE,,,,,,,,,,,,,
198928795,QUEENS,.,.,.,E B ON 80TH STREET,QUEENS,.,NEW YORK,Insufficient Information,ON 80TH STREET,80th St,FALSE,,,,,,,,,,,,,
199017500,QUEENS,.,.,.,I O HORACE HARDING EXPRESSWA,QUEENS,.,NEW YORK,Insufficient Information,HORACE HARDING EXPRESSWA,Horace Harding Expy & 97th St,TRUE,,,,,,,,,,,,,
199218737,QUEENS,.,.,.,FRANKLIN AVENUE MAIN STREET,QUEENS,.,NEW YORK,Insufficient Information,FRANKLIN AVENUE MAIN STREET,Main St & Franklin Ave,FALSE,,,,,,,,,,,,,
199815532,BROOKLYN,.,.,.,W B AVE I INTER NOSTRAND AVE,BROOKLYN,.,NEW YORK,Insufficient Information,AVE I INTER NOSTRAND AVE,Nostrand Ave & Avenue I,FALSE,,,,,,,,,,,,,
200280484,BROOKLYN,.,.,.,AVENUE Z DEAN AVENUE N E CO,BROOKLYN,.,NEW YORK,Insufficient Information,AVENUE Z DEAN AVENUE N E CO,Ocean Ave & Avenue Z,TRUE,,,,,,,,,,,,,
200664696,BRONX,.,.,.,W B MACOMBS DAM BRIDGE MAJOR,BRONX,.,NEW YORK,Insufficient Information,MACOMBS DAM BRIDGE MAJOR,Macombs Dam Bridge & Major Deegan Expressway,FALSE,,,,,,,,,,,,,
201562231,BROOKLYN,.,.,.,DEKALB MARCUS GARVEY,BROOKLYN,.,NEW YORK,Insufficient Information,DEKALB MARCUS GARVEY,Marcus Garvey Blvd & DeKalb Ave,FALSE,,,,,,,,,,,,,
201573781,BROOKLYN,.,.,.,MARCUS GARVEY FULTON STREET,BROOKLYN,.,NEW YORK,Insufficient Information,MARCUS GARVEY FULTON STREET,Marcus Garvey Blvd & Fulton St,FALSE,,,,,,,,,,,,,
202931118,QUEENS,.,.,.,57 AVENUE QUEENS BLVD,QUEENS,.,NEW YORK,Insufficient Information,57 AVENUE QUEENS BLVD,Queens Blvd & 57th Ave,FALSE,,,,,,,,,,,,,
204748372,BRONX,.,.,.,E TREMONT VALENTINE AVE,BRONX,.,NEW YORK,Insufficient Information,E TREMONT VALENTINE AVE,Valentine Ave & E Tremont Ave,FALSE,,,,,,,,,,,,,
206053596,MANHATTAN,.,.,.,N E CORNER OF W 36 9 AVE,NEW YORK,.,NEW YORK,Insufficient Information,N E CORNER OF W 36 9 AVE,9th Ave & W 36th St.,FALSE,,,,,,,,,,,,,
206200583,MANHATTAN,.,.,.,W 47TH 8TH AVE,NEW YORK,.,NEW YORK,Insufficient Information,W 47TH 8TH AVE,W 47th St & 8th Ave,FALSE,,,,,,,,,,,,,
206200610,MANHATTAN,.,.,.,W 47TH 8TH AVE,NEW YORK,.,NEW YORK,Insufficient Information,W 47TH 8TH AVE,W 47th St & 8th Ave,FALSE,,,,,,,,,,,,,
206201710,MANHATTAN,.,.,.,W 33RD 7 AVE,NEW YORK,.,NEW YORK,Insufficient Information,W 33RD 7 AVE,7th Ave & W 33rd St,FALSE,,,,,,,,,,,,,
207634516,QUEENS,.,.,.,GUY R BREWER LINDEN BLVD,QUEENS,.,NEW YORK,Insufficient Information,GUY R BREWER LINDEN BLVD,Guy R Brewer Blvd & Linden Blvd,FALSE,,,,,,,,,,,,,
209512317,NOT NYC,.,.,.,AVE L E 17 KOLBERT PARK,.,.,NEW YORK,Insufficient Information,AVE L E 17 KOLBERT PARK,Avenue L & E 17th St,FALSE,,,,,,,,,,,,,
211648012,BROOKLYN,.,.,.,S W C O 8TH AVENUE 51 STREET,BROOKLYN,.,NEW YORK,Insufficient Information,8TH AVENUE 51 STREET,W 51st St & 8th Ave,FALSE,,,,,,,,,,,,,
211742686,MANHATTAN,.,.,.,34TH 6TH AVE,NEW YORK,.,NEW YORK,Insufficient Information,34TH 6TH AVE,6th Ave & W 34th St.,FALSE,,,,,,,,,,,,,
211744940,MANHATTAN,.,.,.,W 42ND 8TH AVE,NEW YORK,.,NEW YORK,Insufficient Information,W 42ND 8TH AVE,W 42nd St & 8th Ave,FALSE,,,,,,,,,,,,,
211746509,NOT NYC,.,.,.,32 6TH AVE,.,.,.,Insufficient Information,32 6TH AVE,6th Ave & W 32nd St,FALSE,,,,,,,,,,,,,
211748094,MANHATTAN,.,.,.,33RD 7TH AVE,NEW YORK,.,NEW YORK,Insufficient Information,33RD 7TH AVE,7th Ave & W 33rd St,FALSE,,,,,,,,,,,,,
211749340,NOT NYC,.,.,.,7TH 33RD ST,.,.,.,Insufficient Information,7TH 33RD ST,7th Ave & W 33rd St,FALSE,,,,,,,,,,,,,
212222414,BROOKLYN,.,.,.,F O 38A PULASKI,BROOKLYN,.,NEW YORK,Insufficient Information,F O 38A PULASKI,38A Pulaski St,FALSE,,,,,,,,,,,,,
214739719,MANHATTAN,.,.,.,W 49TH 6TH AVE,NEW YORK,.,NEW YORK,Insufficient Information,W 49TH 6TH AVE,6th Ave & W 49th St,FALSE,,,,,,,,,,,,,
214739728,MANHATTAN,.,.,.,W 49TH 6TH AVE,NEW YORK,.,NEW YORK,Insufficient Information,W 49TH 6TH AVE,6th Ave & W 49th St,FALSE,,,,,,,,,,,,,
214739810,MANHATTAN,.,.,.,N W W 48 6 AVE,NEW YORK,.,NEW YORK,Insufficient Information,N W W 48 6 AVE,6th Ave & W 48th St,FALSE,,,,,,,,,,,,,
200452268,BRONX,.,.,.,INTERSECTION OF METROPOLITAN,BRONX,.,NEW YORK,Insufficient Information,INTERSECTION OF METROPOLITAN,Metropolitan Ave & Wood Ave,TRUE,,,,,,,,,,,,,
201519423,BROOKLYN,1870,1,.,ST ANDREWS PLAYGROUND,BROOKLYN,11216,NEW YORK,Insufficient Information,ST ANDREWS PLAYGROUND,1405 Atlantic Ave,FALSE,,,,,,,,,,,,,
211915469,MANHATTAN,.,.,.,32 7 AVENUE,NEW YORK,.,NEW YORK,Insufficient Information,32 7 AVENUE,7th Ave & W 32nd St,FALSE,,,,,,,,,,,,,
211915478,MANHATTAN,.,.,.,32 7 AVE,NEW YORK,.,NEW YORK,Insufficient Information,32 7 AVE,7th Ave & W 32nd St,FALSE,,,,,,,,,,,,,
201015385,BRONX,.,.,.,ALLERTON AVENUE KINGSLAND AV,BRONX,.,NEW YORK,Insufficient Information,ALLERTON AVENUE KINGSLAND AV,Kingsland Ave & Allerton Ave,FALSE,,,,,,,,,,,,,
204592080,.,.,.,.,.,.,.,.,Insufficient Information,Not enough information to decipher,300 W 40th St,FALSE,,,,,,,,,,,,,
198168933,MANHATTAN,.,.,.,3 AVENUE TUNNEL EXIT ST,NEW YORK,.,NEW YORK,Insufficient Information,3 AVENUE TUNNEL EXIT ST,N/A,FALSE,,,,,,,,,,,,,
204747850,BRONX,.,.,.,EAST TREMONT GRAND CONC,BRONX,.,NEW YORK,Insufficient Information,EAST TREMONT GRAND CONC,Grand Concourse & E Tremont Ave,FALSE,,,,,,,,,,,,,
211741640,MANHATTAN,.,.,.,WEST 33RD BROADWAY,NEW YORK,.,NEW YORK,Insufficient Information,WEST 33RD BROADWAY,Broadway & W 33rd St,FALSE,,,,,,,,,,,,,
197880421,MANHATTAN,.,.,.,CHRYSTIE GRAND ST,NEW YORK,.,NEW YORK,Insufficient Information,CHRYSTIE GRAND ST,Grand St & Chrystie St,FALSE,,,,,,,,,,,,,
211744500,NOT NYC,.,.,.,W 33RD BROADWAY,.,.,.,Insufficient Information,W 33RD BROADWAY,Broadway & W 33rd St,FALSE,,,,,,,,,,,,,
211812774,BROOKLYN,.,.,.,THROOP AVENUE WILLOUGHBY AVE,BROOKLYN,.,NEW YORK,Insufficient Information,THROOP AVENUE WILLOUGHBY AVE,Willoughby Ave & Throop Ave,FALSE,,,,,,,,,,,,,
211746839,NOT NYC,.,.,.,HUDSON YARDS 11 AVE,.,.,.,Insufficient Information,HUDSON YARDS 11 AVE,11th Ave & Hudson Yards,FALSE,,,,,,,,,,,,,
211747250,NOT NYC,.,.,.,THE SIDE OF 1243 SURF AVE,.,.,.,Insufficient Information,THE SIDE OF 1243 SURF AVE,1243 Surf Ave,FALSE,,,,,,,,,,,,,
211747984,BROOKLYN,.,.,.,RIEGELMANN BOARDWALK STILLWE,BROOKLYN,.,NEW YORK,Insufficient Information,RIEGELMANN BOARDWALK STILLWE,Stillwell Ave & Surf Ave,FALSE,,,,,,,,,,,,,
211749230,NOT NYC,.,.,.,WEST 48TH BROADWAY,.,.,.,Insufficient Information,WEST 48TH BROADWAY,Broadway & W 48th St,FALSE,,,,,,,,,,,,,
197969320,MANHATTAN,.,.,.,SW CORNER WEST 57 10TH AVE,NEW YORK,.,NEW YORK,Insufficient Information,SW CORNER WEST 57 10TH AVE,10th Ave & W 57th St,FALSE,,,,,,,,,,,,,
198058291,.,.,.,.,.,.,.,.,Insufficient Information,Not enough information to decipher,520 W 48th St,TRUE,,,,,,,,,,,,,
198150160,MANHATTAN,.,.,.,ATTORNEY E HOUSTON,NEW YORK,.,NEW YORK,Insufficient Information,ATTORNEY E HOUSTON,Attorney St & E Houston St,FALSE,,,,,,,,,,,,,
198423657,MANHATTAN,.,.,.,MORNINGSIDE PARK W 113 ST,NEW YORK,.,NEW YORK,Insufficient Information,MORNINGSIDE PARK W 113 ST,Morningside Dr & W 113th St,FALSE,,,,,,,,,,,,,
199164323,QUEENS,.,.,.,SW CORNER ROOSEVELT 75TH ST,QUEENS,.,NEW YORK,Insufficient Information,SW CORNER ROOSEVELT 75TH ST,Roosevelt Ave & 75th St,FALSE,,,,,,,,,,,,,
199219112,QUEENS,.,.,.,UNITED NATIONS N GRAND CENTR,QUEENS,.,NEW YORK,Insufficient Information,UNITED NATIONS N GRAND CENTR,United Nations Ave N & Grand Central Pkwy E,TRUE,,,,,,,,,,,,,
199361993,QUEENS,.,.,.,INTERSECTION OF CROSS BAY BL,QUEENS,.,NEW YORK,Insufficient Information,INTERSECTION OF CROSS BAY BL,149th Ave & Cross Bay Blvd,TRUE,,,,,,,,,,,,,
199824781,BROOKLYN,.,.,.,I O FLATLANDS AVENUE EAST 53,BROOKLYN,.,NEW YORK,Insufficient Information,FLATLANDS AVENUE EAST 53,Flatlands Ave & E 53rd St,FALSE,,,,,,,,,,,,,
200418516,BRONX,.,.,.,E 188TH GRAND CONCOURSE,BRONX,.,NEW YORK,Insufficient Information,E 188TH GRAND CONCOURSE,Grand Concourse & E 188th St,FALSE,,,,,,,,,,,,,
200556043,BRONX,.,.,.,S B CASTLE HILL LYON AVE,BRONX,.,NEW YORK,Insufficient Information,CASTLE HILL LYON AVE,Castle Hill Ave & Lyon Ave,FALSE,,,,,,,,,,,,,
201179074,BROOKLYN,.,.,.,C O PUTNAM MARCUS GARVEY,BROOKLYN,.,NEW YORK,Insufficient Information,PUTNAM MARCUS GARVEY,Marcus Garvey Blvd & Putnam Ave,FALSE,,,,,,,,,,,,,
201355193,BROOKLYN,.,.,.,PEARL 1ST PRPSPECT ST,BROOKLYN,.,NEW YORK,Insufficient Information,PEARL 1ST PRPSPECT ST,Prospect St & Pearl St,FALSE,,,,,,,,,,,,,
201446897,.,.,.,.,.,.,.,.,Insufficient Information,Not enough information to decipher,.,FALSE,,,,,,,,,,,,,
201569290,BROOKLYN,.,.,.,.,BROOKLYN,.,NEW YORK,Insufficient Information,Not enough information to decipher,6 Malcolm X Blvd,TRUE,,,,,,,,,,,,,
201644823,BRONX,.,.,.,E KINGSBRIDGE E 194,BRONX,.,NEW YORK,Insufficient Information,E KINGSBRIDGE E 194,E 194th St & E Kingsbridge Rd,FALSE,,,,,,,,,,,,,
202689181,BROOKLYN,.,.,.,JUNIUS SUTTER AVE,BROOKLYN,.,NEW YORK,Insufficient Information,JUNIUS SUTTER AVE,Junius St & Sutter Ave,FALSE,,,,,,,,,,,,,
206028269,BROOKLYN,.,.,.,FLATLANDS AVENUE AVENUE K,BROOKLYN,.,NEW YORK,Insufficient Information,FLATLANDS AVENUE AVENUE K,Flatlands Ave & Avenue K,FALSE,,,,,,,,,,,,,
206063514,BROOKLYN,.,.,.,I O AVE Z E 11 ST,BROOKLYN,.,NEW YORK,Insufficient Information,AVE Z E 11 ST,Avenue Z & E 11th St,FALSE,,,,,,,,,,,,,
207849328,MANHATTAN,.,.,.,.,NEW YORK,.,NEW YORK,Insufficient Information,Not enough information to decipher,5th Ave & E 50th St,TRUE,,,,,,,,,,,,,
209592617,NOT NYC,.,.,.,N W C O W 46TH STREET,NEW YORK,.,NEW YORK,Insufficient Information,W 46TH STREET,W 46th St,TRUE,,,,,,,,,,,,,
211672414,BROOKLYN,.,.,.,.,BROOKLYN,.,NEW YORK,Insufficient Information,Not enough information to decipher,7th Ave & 92nd St,TRUE,,,,,,,,,,,,,
211743319,NOT NYC,.,.,.,49 7TH AVE,.,.,.,Insufficient Information,49 7TH AVE,7th Ave & W 49th St,FALSE,,,,,,,,,,,,,
211815753,BROOKLYN,.,.,.,.,BROOKLYN,.,NEW YORK,Insufficient Information,Not enough information to decipher,1405 Atlantic Ave,TRUE,,,,,,,,,,,,,
211815854,BROOKLYN,.,.,.,BEDFORD PUTNAM AVE,BROOKLYN,.,NEW YORK,Insufficient Information,BEDFORD PUTNAM AVE,Bedford Ave & Putnam Ave,FALSE,,,,,,,,,,,,,
211890086,MANHATTAN,.,.,.,S W CORNER OF MOTT CANAL,NEW YORK,.,NEW YORK,Insufficient Information,S W CORNER OF MOTT CANAL,Canal St & Mott St,FALSE,,,,,,,,,,,,,
211890095,MANHATTAN,.,.,.,S W CORNER OF MOTT CANAL,NEW YORK,.,NEW YORK,Insufficient Information,S W CORNER OF MOTT CANAL,Canal St & Mott St,FALSE,,,,,,,,,,,,,
211893588,MANHATTAN,.,.,.,I O ELIZABETH STR KENMARE,NEW YORK,.,NEW YORK,Insufficient Information,ELIZABETH STR KENMARE,Elizabeth St & Kenmare St,FALSE,,,,,,,,,,,,,
211990790,MANHATTAN,.,.,.,I O DYCKMAN SHERMAN S W CORN,NEW YORK,.,NEW YORK,Insufficient Information,DYCKMAN SHERMAN S W CORN,Dyckman St & Sherman Ave,FALSE,,,,,,,,,,,,,
212094219,BRONX,.,.,.,C O E FORDHAM WASHINGTON AVE,BRONX,.,NEW YORK,Insufficient Information,E FORDHAM WASHINGTON AVE,E Fordham Rd & Washington Ave,FALSE,,,,,,,,,,,,,
211757233,MANHATTAN,.,.,.,W 44TH 8TH AVE,NEW YORK,.,NEW YORK,Insufficient Information,W 44TH 8TH AVE,W 44th St & 8th Ave,FALSE,,,,,,,,,,,,,
199927530,BROOKLYN,.,.,.,I O AVENUE K EAST 37TH STREE,BROOKLYN,.,NEW YORK,Insufficient Information,AVENUE K EAST 37TH STREE,Avenue K & E 37th St,FALSE,,,,,,,,,,,,,
201339243,BROOKLYN,2461,13,.,RODNEY PARK CENTER,BROOKLYN,11211,NEW YORK,Insufficient Information,RODNEY PARK CENTER,322 S 5th St,FALSE,,,,,,,,,,,,,
206161340,QUEENS,.,.,.,QUEENS MIDTOWN EXPWY 69 STRE,QUEENS,.,NEW YORK,Insufficient Information,QUEENS MIDTOWN EXPWY 69 STRE,Queens Midtown Expy & 69th St,FALSE,,,,,,,,,,,,,
211744363,NOT NYC,.,.,.,W 33RD BROADWAY,.,.,.,Insufficient Information,W 33RD BROADWAY,Broadway & W 33rd St,FALSE,,,,,,,,,,,,,
209571230,MANHATTAN,.,.,.,S W CORNER E 124 2 AVE,NEW YORK,.,NEW YORK,Insufficient Information,S W CORNER E 124 2 AVE,2nd Ave & E 124th St,FALSE,,,,,,,,,,,,,
209635214,BROOKLYN,.,.,.,IRVING AVENUE WEIRFIELD STRE,BROOKLYN,.,NEW YORK,Insufficient Information,IRVING AVENUE WEIRFIELD STRE,Weirfield St & Irving Ave,FALSE,,,,,,,,,,,,,
211635023,BROOKLYN,.,.,.,AVE N OCEAN PARKWAY,BROOKLYN,.,NEW YORK,Insufficient Information,AVE N OCEAN PARKWAY,Ocean Pkwy & Avenue N,FALSE,,,,,,,,,,,,,
204748318,BRONX,.,.,.,SE 182 ST,BRONX,.,NEW YORK,Insufficient Information,SE 182 ST,E 182nd St,TRUE,,,,,,,,,,,,,
211744868,NOT NYC,.,.,.,W 41ST 6 AVE,.,.,.,Insufficient Information,W 41ST 6 AVE,6th Ave & W 41st St,FALSE,,,,,,,,,,,,,
198909141,STATEN IS,.,.,.,HYLAN BLVD-LINCOLN AVE,STATEN ISLAND,.,NEW YORK,Insufficient Information,HYLAN BLVD-LINCOLN AVE,Hylan Blvd & Lincoln Ave,FALSE,,,,,,,,,,,,,
211742970,NOT NYC,.,.,.,W 46TH 7 AVE,.,.,.,Insufficient Information,W 46TH 7 AVE,7th Ave & W 46th St,FALSE,,,,,,,,,,,,,
201053380,BRONX,5650,1,.,PELHAM BAY PARK,BRONX,10464,NEW YORK,Insufficient Information,PELHAM BAY PARK,"40.86687327380052, -73.8095684970557",FALSE,,,,,,,,,,,,,
202865769,QUEENS,.,.,.,HARROW STR 71 AVE,QUEENS,.,NEW YORK,Insufficient Information,HARROW STR 71 AVE,71st Ave & Harrow St,FALSE,,,,,,,,,,,,,
206212041,.,.,.,.,.,.,.,.,Insufficient Information,Not enough information to decipher,1303 Castle Hill Ave,FALSE,,,,,,,,,,,,,
206212766,BRONX,.,.,.,GRAND CONCOURSE E 169 ST,BRONX,.,NEW YORK,Insufficient Information,GRAND CONCOURSE E 169 ST,Grand Concourse & E 169th St,FALSE,,,,,,,,,,,,,
209606623,QUEENS,.,.,.,121ST HILLSIDE AVE,.,.,NEW YORK,Insufficient Information,121ST HILLSIDE AVE,121st St & Hillside Ave.,FALSE,,,,,,,,,,,,,
198090779,MANHATTAN,.,.,.,I O MURRAY WEST STREET,NEW YORK,.,NEW YORK,Insufficient Information,MURRAY WEST STREET,Murray St & West St,FALSE,,,,,,,,,,,,,
198970806,QUEENS,.,.,.,31 AVENUE 95 STREET,QUEENS,.,NEW YORK,Insufficient Information,31 AVENUE 95 STREET,31st Ave & 95th St,FALSE,,,,,,,,,,,,,
200187837,BROOKLYN,.,.,.,C O NOSTRAND AVENUE AVENUE Z,BROOKLYN,.,NEW YORK,Insufficient Information,NOSTRAND AVENUE AVENUE Z,Nostrand Ave & Avenue Z,FALSE,,,,,,,,,,,,,
201104054,BROOKLYN,.,.,.,EASTERN PRKWY PACIFIC,BROOKLYN,.,NEW YORK,Insufficient Information,EASTERN PRKWY PACIFIC,Eastern Pkwy & Pacific St,FALSE,,,,,,,,,,,,,
199818035,BROOKLYN,.,.,.,I O BEDFORD AVENUE AVENUE M,BROOKLYN,.,NEW YORK,Insufficient Information,BEDFORD AVENUE AVENUE M,Bedford Ave & Avenue M,FALSE,,,,,,,,,,,,,
206029010,BROOKLYN,.,.,.,AVENUE U EAST 65TH ST,BROOKLYN,.,NEW YORK,Insufficient Information,AVENUE U EAST 65TH ST,Avenue U & E 65th St,FALSE,,,,,,,,,,,,,
211894614,MANHATTAN,.,.,.,I O MARKET MADISON ST,NEW YORK,.,NEW YORK,Insufficient Information,MARKET MADISON ST,Madison St & Market St,FALSE,,,,,,,,,,,,,
212083008,MANHATTAN,.,.,.,GREENWICH AVENUE W 12TH,NEW YORK,.,NEW YORK,Insufficient Information,GREENWICH AVENUE W 12TH,Greenwich Ave & W 12th St,FALSE,,,,,,,,,,,,,
191088022,MANHATTAN,.,.,.,S W C O 44 8 AVE,NEW YORK,.,NEW YORK,Insufficient Information,44 8 AVE,W 44th St & 8th Ave,FALSE,,,,,,,,,,,,,
211631402,BROOKLYN,.,.,.,W B AVENUE I OCEAN PKWY,BROOKLYN,.,NEW YORK,Insufficient Information,AVENUE I OCEAN PKWY,Ocean Pkwy & Avenue I,FALSE,,,,,,,,,,,,,
198963656,QUEENS,.,.,.,SKILLMAN AVENUE THOMSON AVEN,QUEENS,.,NEW YORK,Insufficient Information,SKILLMAN AVENUE THOMSON AVEN,Thomson Ave & Skillman Ave,FALSE,,,,,,,,,,,,,
204699230,MANHATTAN,.,.,.,1 AVENUE EAST 73 STREET,NEW YORK,.,NEW YORK,Insufficient Information,1 AVENUE EAST 73 STREET,1st Ave & E 73rd St,FALSE,,,,,,,,,,,,,
198066642,MANHATTAN,.,.,.,W 39TH 8TH,NEW YORK,.,NEW YORK,Insufficient Information,W 39TH 8TH,W 39th St & 8th Ave,FALSE,,,,,,,,,,,,,
198116409,MANHATTAN,.,.,.,UNION SQ WEST EAST 14 ST,NEW YORK,.,NEW YORK,Insufficient Information,UNION SQ WEST EAST 14 ST,E 14th St & Union Square W,FALSE,,,,,,,,,,,,,
201015349,BRONX,.,.,.,ALLERTON AVENUE HOLLAND AVEN,BRONX,.,NEW YORK,Insufficient Information,ALLERTON AVENUE HOLLAND AVEN,Holland Ave & Allerton Ave,FALSE,,,,,,,,,,,,,
211744446,NOT NYC,.,.,.,W 32ND 5TH AVE,.,.,.,Insufficient Information,W 32ND 5TH AVE,5th Ave & W 32nd St,FALSE,,,,,,,,,,,,,
214548649,BROOKLYN,.,.,.,S E CORNER OF SOUTH 1 STREET,BROOKLYN,.,NEW YORK,Insufficient Information,S E CORNER OF SOUTH 1 STREET,Kent Ave & S 1st St,TRUE,,,,,,,,,,,,,
211742439,NOT NYC,.,.,.,WEST 39TH 5TH AVE,.,.,.,Insufficient Information,WEST 39TH 5TH AVE,5th Ave & W 39th St,FALSE,,,,,,,,,,,,,
201745886,BRONX,.,.,.,C O E TREMONT BELMONT AVE,BRONX,.,NEW YORK,Insufficient Information,E TREMONT BELMONT AVE,Belmont Ave & E Tremont Ave,FALSE,,,,,,,,,,,,,
211741348,NOT NYC,.,.,.,W 34TH 11TH AVE,.,.,.,Insufficient Information,W 34TH 11TH AVE,W 34th St. & 11th Ave,FALSE,,,,,,,,,,,,,
197876324,MANHATTAN,.,.,.,GRAND 6TH AVE,NEW YORK,.,NEW YORK,Insufficient Information,GRAND 6TH AVE,6th Ave & Grand St,FALSE,,,,,,,,,,,,,
206062524,BROOKLYN,.,.,.,OCEAN AVENUE VORORHIES AVE,BROOKLYN,.,NEW YORK,Insufficient Information,OCEAN AVENUE VORORHIES AVE,Ocean Ave & Voorhies Ave,FALSE,,,,,,,,,,,,,
211896219,MANHATTAN,.,.,.,SDR PARK RIVINGTON CHRYSTIE,NEW YORK,.,NEW YORK,Insufficient Information,SDR PARK RIVINGTON CHRYSTIE,Rivington St & Chrystie St,FALSE,,,,,,,,,,,,,
198724231,STATEN IS,.,.,.,FOREST AVENUE VAN NAME AVENU,STATEN ISLAND,.,NEW YORK,Insufficient Information,FOREST AVENUE VAN NAME AVENU,Van Name Ave & Forest Ave,FALSE,,,,,,,,,,,,,
199742190,BROOKLYN,.,.,.,I O BEDFORD AVE-AVE I,BROOKLYN,.,NEW YORK,Insufficient Information,BEDFORD AVE-AVE I,Bedford Ave & Avenue I,FALSE,,,,,,,,,,,,,
201121351,BROOKLYN,.,.,.,BACK 93 LEWIS,BROOKLYN,.,NEW YORK,Insufficient Information,BACK 93 LEWIS,93 Lewis Ave,FALSE,,,,,,,,,,,,,
202871763,QUEENS,.,.,.,SOUTHEAST CORNER OF NORTHERN,QUEENS,.,NEW YORK,Insufficient Information,SOUTHEAST CORNER OF NORTHERN,Northern Blvd & Parsons Blvd,FALSE,,,,,,,,,,,,,
207809021,BRONX,.,.,.,COMMERCE AVENUE WATERBURY AV,BRONX,.,NEW YORK,Insufficient Information,COMMERCE AVENUE WATERBURY AV,Commerce Ave & Waterbury Ave,FALSE,,,,,,,,,,,,,
198094555,MANHATTAN,.,.,.,44TH 8TH AVE,NEW YORK,.,NEW YORK,Insufficient Information,44TH 8TH AVE,W 44th St & 8th Ave,FALSE,,,,,,,,,,,,,
198592781,MANHATTAN,.,.,.,1 AVENUE EAST 62 ST,NEW YORK,.,NEW YORK,Insufficient Information,1 AVENUE EAST 62 ST,1st Ave & E 62nd St,FALSE,,,,,,,,,,,,,
211748451,MANHATTAN,.,.,.,N W WEST 31 BROADWAY,NEW YORK,.,NEW YORK,Insufficient Information,N W WEST 31 BROADWAY,Broadway & W 31st St,FALSE,,,,,,,,,,,,,
207821058,QUEENS,.,.,.,W B QUEENS MIDTOWN EXP 69 ST,QUEENS,.,NEW YORK,Insufficient Information,QUEENS MIDTOWN EXP 69 ST,Queens Midtown Expy & 69th St,FALSE,,,,,,,,,,,,,
197870806,MANHATTAN,.,.,.,WALL SOUTH ST,NEW YORK,.,NEW YORK,Insufficient Information,WALL SOUTH ST,Wall St & South St,FALSE,,,,,,,,,,,,,
211919520,MANHATTAN,.,.,.,N W COR OF W 44 8 AVE,NEW YORK,.,NEW YORK,Insufficient Information,N W COR OF W 44 8 AVE,W 44th St & 8th Ave,FALSE,,,,,,,,,,,,,
206200785,NOT NYC,.,.,.,SW W 48 6 AVE,.,.,.,Insufficient Information,SW W 48 6 AVE,6th Ave & W 48th St,FALSE,,,,,,,,,,,,,
206215240,.,.,.,.,.,.,.,.,Insufficient Information,Not enough information to decipher,21-03 Cornaga Ave,TRUE,,,,,,,,,,,,,
199931784,BROOKLYN,.,.,.,N W CORNER OF REMSON AVENUE,BROOKLYN,.,NEW YORK,Insufficient Information,N W CORNER OF REMSON AVENUE,Remsen Ave & Avenue A,TRUE,,,,,,,,,,,,,
206210364,BRONX,.,.,.,F O 1000A CASTLE HILL BLVD,BRONX,.,NEW YORK,Insufficient Information,F O 1000A CASTLE HILL BLVD,1000A Castle Hill Ave,FALSE,,,,,,,,,,,,,
211740971,MANHATTAN,.,.,.,W 39TH 8TH AVE,NEW YORK,.,NEW YORK,Insufficient Information,W 39TH 8TH AVE,W 39th St & 8th Ave,FALSE,,,,,,,,,,,,,
211741265,MANHATTAN,.,.,.,C O W 39TH 8TH AVE,NEW YORK,.,NEW YORK,Insufficient Information,W 39TH 8TH AVE,W 39th St & 8th Ave,FALSE,,,,,,,,,,,,,
211819439,BROOKLYN,.,.,.,C O GATES AVENUE TOMPKINS AV,BROOKLYN,.,NEW YORK,Insufficient Information,GATES AVENUE TOMPKINS AV,Gates Ave & Tompkins Ave,FALSE,,,,,,,,,,,,,
211890104,MANHATTAN,.,.,.,NEC OF CHRYSTIE DELANCEY,NEW YORK,.,NEW YORK,Insufficient Information,NEC OF CHRYSTIE DELANCEY,Delancey St & Chrystie St,FALSE,,,,,,,,,,,,,
214587726,.,.,.,.,.,.,.,.,Insufficient Information,Not enough information to decipher,15 River St,TRUE,,,,,,,,,,,,,
209360645,QUEENS,.,.,.,ARCHER AVENUE UNION HALL STR,QUEENS,.,NEW YORK,Insufficient Information,ARCHER AVENUE UNION HALL STR,Archer Ave & Union Hall St,FALSE,,,,,,,,,,,,,
199000872,QUEENS,.,.,.,S B CROSS ISLAND PARKING TO,QUEENS,.,NEW YORK,Insufficient Information,CROSS ISLAND PARKING TO,"40°45'44.2""N 73°45'24.9""W",TRUE,,,,,,,,,,,,,
200264067,BROOKLYN,.,.,.,AVE T WEST 7 STREET,BROOKLYN,.,NEW YORK,Insufficient Information,AVE T WEST 7 STREET,W 7th St & Avenue T,FALSE,,,,,,,,,,,,,
197880403,MANHATTAN,.,.,.,FORSYTH DELANCEY STS,NEW YORK,.,NEW YORK,Insufficient Information,FORSYTH DELANCEY STS,Delancey St & Forsyth St,FALSE,,,,,,,,,,,,,
199450873,QUEENS,.,.,.,C O 130 AVENUE 150 STREET,QUEENS,.,NEW YORK,Insufficient Information,130 AVENUE 150 STREET,130th Ave & 150th St,FALSE,,,,,,,,,,,,,
202982423,MANHATTAN,1793,1,.,HARLEM RIVER PARK,NEW YORK,10035,NEW YORK,Insufficient Information,HARLEM RIVER PARK,130th Ave & 150th St,FALSE,,,,,,,,,,,,,
198522051,MANHATTAN,.,.,.,NW CORNER 1ST AVENUE E 83 ST,NEW YORK,.,NEW YORK,Insufficient Information,NW CORNER 1ST AVENUE E 83 ST,1st Ave & E 83rd St,FALSE,,,,,,,,,,,,,
200672818,BRONX,.,.,.,GARRISON AVENUE IRVINE ST,BRONX,.,NEW YORK,Insufficient Information,GARRISON AVENUE IRVINE ST,Irvine St & Garrison Ave,FALSE,,,,,,,,,,,,,
211817046,BROOKLYN,.,.,.,FRANKLIN FULTON S W C O,BROOKLYN,.,NEW YORK,Insufficient Information,FRANKLIN FULTON S W C O,Fulton St & Franklin Ave,FALSE,,,,,,,,,,,,,
200440570,BRONX,.,.,.,METCALF WESTCHESTER AVE,BRONX,.,NEW YORK,Insufficient Information,METCALF WESTCHESTER AVE,Metcalf Ave & Westchester Ave,FALSE,,,,,,,,,,,,,
201109013,BROOKLYN,.,.,.,JUNIUS NEW LOTS,BROOKLYN,.,NEW YORK,Insufficient Information,JUNIUS NEW LOTS,Junius St & New Lots Ave,FALSE,,,,,,,,,,,,,
209590096,MANHATTAN,.,.,.,S W 40 W 42ND BROADWAY,NEW YORK,.,NEW YORK,Insufficient Information,S W 40 W 42ND BROADWAY,Broadway & W 42nd St,FALSE,,,,,,,,,,,,,
199461910,QUEENS,.,.,.,S E CORNER OF 111 AVENUE LEF,QUEENS,.,NEW YORK,Insufficient Information,S E CORNER OF 111 AVENUE LEF,111th Ave & Lefferts Blvd,FALSE,,,,,,,,,,,,,
199244275,QUEENS,.,.,.,N E BOOTH MEMORIAL AVENUE 13,QUEENS,.,NEW YORK,Insufficient Information,N E BOOTH MEMORIAL AVENUE 13,Booth Memorial Ave & 134th St,TRUE,,,,,,,,,,,,,
211817421,BROOKLYN,1790,1,.,HERBERT VON KING PARK,BROOKLYN,11216,NEW YORK,Insufficient Information,HERBERT VON KING PARK,"40.689639150547144, -73.94671392124779",FALSE,,,,,,,,,,,,,
200764558,BRONX,.,.,.,LONGWOOD DAWSON ST,BRONX,.,NEW YORK,Insufficient Information,LONGWOOD DAWSON ST,Dawson St & Longwood Ave,FALSE,,,,,,,,,,,,,
198182032,MANHATTAN,.,.,.,N W 8 AVENUE W 10 STREET,NEW YORK,.,NEW YORK,Insufficient Information,N W 8 AVENUE W 10 STREET,8th Ave & 10th St,FALSE,,,,,,,,,,,,,
199259565,QUEENS,.,.,.,30 AVENUE STEINWAY ST,QUEENS,.,NEW YORK,Insufficient Information,30 AVENUE STEINWAY ST,Steinway St & 30th Ave.,FALSE,,,,,,,,,,,,,
200444934,BRONX,.,.,.,N E CORNER OF BRONX RIVER AV,BRONX,.,NEW YORK,Insufficient Information,N E CORNER OF BRONX RIVER AV,E 174th St & Bronx River Ave,TRUE,,,,,,,,,,,,,
199732070,BROOKLYN,.,.,.,I O AVENUE P OCEAN AVENUE,BROOKLYN,.,NEW YORK,Insufficient Information,AVENUE P OCEAN AVENUE,Ocean Ave & Avenue P,FALSE,,,,,,,,,,,,,
203315494,MANHATTAN,.,.,.,N WEST CORNER W 34TH BROADWA,NEW YORK,.,NEW YORK,Insufficient Information,N WEST CORNER W 34TH BROADWA,Broadway & W 34th St.,FALSE,,,,,,,,,,,,,
204746264,BRONX,.,.,.,PARK AVENUE E 173 STREET,BRONX,.,NEW YORK,Insufficient Information,PARK AVENUE E 173 STREET,Park Ave & E 173rd St,FALSE,,,,,,,,,,,,,
199823544,BROOKLYN,.,.,.,I O AVE U E 69 ST,BROOKLYN,.,NEW YORK,Insufficient Information,AVE U E 69 ST,Avenue U & E 69th St,FALSE,,,,,,,,,,,,,
211812710,MANHATTAN,.,.,.,S E C O PUTNAM MARCY AVE,NEW YORK,.,NEW YORK,Insufficient Information,PUTNAM MARCY AVE,Putnam Ave & Marcy Ave,FALSE,,,,,,,,,,,,,
196382441,BROOKLYN,.,.,.,F O 438 NOSTLAND AVE,BROOKLYN,.,NEW YORK,Insufficient Information,F O 438 NOSTLAND AVE,438 Nostrand Ave,FALSE,,,,,,,,,,,,,
211743263,MANHATTAN,.,.,.,W 42TH 5TH AVE,NEW YORK,.,NEW YORK,Insufficient Information,W 42TH 5TH AVE,W 42nd St & 5th Ave,FALSE,,,,,,,,,,,,,
199734600,BROOKLYN,.,.,.,N E C O AVE N OCEAN AVE,BROOKLYN,.,NEW YORK,Insufficient Information,AVE N OCEAN AVE,Ocean Ave & Avenue N,FALSE,,,,,,,,,,,,,
196736046,BRONX,.,.,.,C O CROTONA PARK NO CROTONA,BRONX,.,NEW YORK,Insufficient Information,CROTONA PARK NO CROTONA,Crotona Ave & Crotona Park E,TRUE,,,,,,,,,,,,,
201475919,BROOKLYN,.,.,.,SARATOGA HALSEY ST,BROOKLYN,.,NEW YORK,Insufficient Information,SARATOGA HALSEY ST,Halsey St & Saratoga Ave,FALSE,,,,,,,,,,,,,
208116160,.,.,.,.,.,.,.,.,Insufficient Information,Not enough information to decipher,164 Havemeyer St,TRUE,,,,,,,,,,,,,
211803965,.,.,.,.,.,.,.,.,Insufficient Information,Not enough information to decipher,164 Havemeyer St,TRUE,,,,,,,,,,,,,
197880412,NOT NYC,.,.,.,CHRYSTIE DELANCEY STS,.,.,NEW YORK,Insufficient Information,CHRYSTIE DELANCEY STS,Delancey St & Chrystie St,FALSE,,,,,,,,,,,,,
200738102,BRONX,.,.,.,N E C O GRAND AVENUE WEST 18,BRONX,.,NEW YORK,Insufficient Information,GRAND AVENUE WEST 18,W 183rd St & Grand Ave,TRUE,,,,,,,,,,,,,
211725297,BROOKLYN,.,.,.,I O 3RD AVENUE 9TH STREET,BROOKLYN,.,NEW YORK,Insufficient Information,3RD AVENUE 9TH STREET,3rd Ave & 9th St,FALSE,,,,,,,,,,,,,
199742218,BROOKLYN,.,.,.,I O AVE P E 18 ST,BROOKLYN,.,NEW YORK,Insufficient Information,AVE P E 18 ST,E 18th St & Avenue P,FALSE,,,,,,,,,,,,,
198314270,MANHATTAN,.,.,.,S W C O AUDUBON AVENUE W 185,NEW YORK,.,NEW YORK,Insufficient Information,AUDUBON AVENUE W 185,Audubon Ave & W 185th St,FALSE,,,,,,,,,,,,,
204598763,MANHATTAN,.,.,.,INTERSECTION W 29 8TH AVE,NEW YORK,.,NEW YORK,Insufficient Information,INTERSECTION W 29 8TH AVE,W 29th St & 8th Ave,FALSE,,,,,,,,,,,,,
201614528,BROOKLYN,.,.,.,NEWPORT VAN SINDERIN,BROOKLYN,.,NEW YORK,Insufficient Information,NEWPORT VAN SINDERIN,Van Sinderen Ave & New Lots Ave,FALSE,,,,,,,,,,,,,
211757215,MANHATTAN,.,.,.,VESTRY HUDSON ST,NEW YORK,.,NEW YORK,Insufficient Information,VESTRY HUDSON ST,Hudson St & Vestry St,FALSE,,,,,,,,,,,,,
200333266,BRONX,.,.,.,ROSEDALE AVENUE BRUCKNER BOU,BRONX,.,NEW YORK,Insufficient Information,ROSEDALE AVENUE BRUCKNER BOU,Rosedale Ave & Bruckner Blvd,FALSE,,,,,,,,,,,,,
200185691,BROOKLYN,.,.,.,AVE U OCEAN AVENUE,BROOKLYN,.,NEW YORK,Insufficient Information,AVE U OCEAN AVENUE,Avenue U & Ocean Ave,FALSE,,,,,,,,,,,,,
200672221,BRONX,.,.,.,EB WESTCHESTER SIMPSON ST,BRONX,.,NEW YORK,Insufficient Information,WESTCHESTER SIMPSON ST,Simpson St & Westchester Ave,FALSE,,,,,,,,,,,,,
201014752,BRONX,.,.,.,MORRIS PARK AVENUE UNION POR,BRONX,.,NEW YORK,Insufficient Information,MORRIS PARK AVENUE UNION POR,Unionport Rd & Morris Park Ave,FALSE,,,,,,,,,,,,,
196664528,BRONX,.,.,.,BRONXDALE AVENUE SACKETT,BRONX,.,NEW YORK,Insufficient Information,BRONXDALE AVENUE SACKETT,Bronxdale Ave & Sacket Ave,FALSE,,,,,,,,,,,,,
197775380,MANHATTAN,.,.,.,E HOUSTON BOWERY,NEW YORK,.,NEW YORK,Insufficient Information,E HOUSTON BOWERY,E Houston St & Bowery,FALSE,,,,,,,,,,,,,
198482855,MANHATTAN,.,.,.,AMSTERDAM AVENUE WEST 65 ST,NEW YORK,.,NEW YORK,Insufficient Information,AMSTERDAM AVENUE WEST 65 ST,W 65th St & Amsterdam Ave,FALSE,,,,,,,,,,,,,
199817411,BROOKLYN,.,.,.,OCEAN AVENUE N E CORNER AVEN,BROOKLYN,.,NEW YORK,Insufficient Information,OCEAN AVENUE N E CORNER AVEN,Avenue N & Ocean Avenue,FALSE,,,,,,,,,,,,,
214582592,.,.,.,.,.,.,.,.,Insufficient Information,Not enough information to decipher,15 River St,TRUE,,,,,,,,,,,,,
209599015,NOT NYC,.,.,.,F O 590 8TH AVE,.,.,NEW YORK,Insufficient Information,F O 590 8TH AVE,590 8th Ave,FALSE,,,,,,,,,,,,,
214582895,.,.,.,.,.,.,.,.,Insufficient Information,Not enough information to decipher,15 River St,TRUE,,,,,,,,,,,,,
199825111,BROOKLYN,.,.,.,C O AVE J E 53 ST,BROOKLYN,.,NEW YORK,Insufficient Information,AVE J E 53 ST,Avenue J & E 53rd St,FALSE,,,,,,,,,,,,,
201220342,BROOKLYN,.,.,.,HALSEY WILSON AVE,BROOKLYN,.,NEW YORK,Insufficient Information,HALSEY WILSON AVE,Wilson Ave & Halsey St,FALSE,,,,,,,,,,,,,
201169293,BROOKLYN,.,.,.,E B ATLANTIC AVENUE WASHINGT,BROOKLYN,.,NEW YORK,Insufficient Information,ATLANTIC AVENUE WASHINGT,Atlantic Ave & Washington Ave,FALSE,,,,,,,,,,,,,
200659663,BRONX,.,.,.,N W C W BURNSIDE OSBORN,BRONX,.,NEW YORK,Insufficient Information,N W C W BURNSIDE OSBORN,W Burnside Ave & Osborne Pl,FALSE,,,,,,,,,,,,,
200069513,BROOKLYN,.,.,.,I O AVE C OCEAN PKWY,BROOKLYN,.,NEW YORK,Insufficient Information,AVE C OCEAN PKWY,Ocean Pkwy & Avenue C,FALSE,,,,,,,,,,,,,
200936790,BRONX,.,.,.,COUNTRY CLUB KENNELWORTH,BRONX,.,NEW YORK,Insufficient Information,COUNTRY CLUB KENNELWORTH,Country Club Rd & Kennellworth Pl,FALSE,,,,,,,,,,,,,
196611086,BROOKLYN,.,.,.,I O 4TH AVENUE 5TH STREET,BROOKLYN,.,NEW YORK,Insufficient Information,4TH AVENUE 5TH STREET,4th Ave & 5th St,FALSE,,,,,,,,,,,,,
204698414,MANHATTAN,.,.,.,I O 2ND AVENUE EAST 77 STREE,NEW YORK,.,NEW YORK,Insufficient Information,2ND AVENUE EAST 77 STREE,2nd Ave & E 77th St,FALSE,,,,,,,,,,,,,
197815357,MANHATTAN,.,.,.,CANAL ALLEN ST,NEW YORK,.,NEW YORK,Insufficient Information,CANAL ALLEN ST,Canal St & Allen St,FALSE,,,,,,,,,,,,,
199369280,QUEENS,.,.,.,N W CORNER ROCKAWA 134 ST,QUEENS,.,NEW YORK,Insufficient Information,N W CORNER ROCKAWA 134 ST,Rockaway Blvd & 134th St,TRUE,,,,,,,,,,,,,
201569491,.,.,.,.,.,.,.,.,Insufficient Information,Not enough information to decipher,Stuyvesant Ave & Gates Ave,TRUE,,,,,,,,,,,,,
209599042,MANHATTAN,.,.,.,.,NEW YORK,.,NEW YORK,Insufficient Information,Not enough information to decipher,40th St & 8th Ave,TRUE,,,,,,,,,,,,,
203309417,BROOKLYN,.,.,.,.,BROOKLYN,.,NEW YORK,Insufficient Information,Not enough information to decipher,.,TRUE,,,,,,,,,,,,,
203315503,MANHATTAN,.,.,.,39TH 8TH AVE,NEW YORK,.,NEW YORK,Insufficient Information,39TH 8TH AVE,8th Ave & 39th St,FALSE,,,,,,,,,,,,,
214582217,BROOKLYN,.,.,.,C O WHYTHE E WILLIAMSBURG ST,BROOKLYN,.,NEW YORK,Insufficient Information,WHYTHE E WILLIAMSBURG ST,Williamsburg St W & Wythe Ave,FALSE,,,,,,,,,,,,,
199078651,QUEENS,.,.,.,LITTLE NECK PKY NASSAU BLV,QUEENS,.,NEW YORK,Insufficient Information,LITTLE NECK PKY NASSAU BLV,Little Neck Pkwy & Nassau Blvd,FALSE,,,,,,,,,,,,,
199155184,QUEENS,.,.,.,24 AVENUE 33 STREET,QUEENS,.,NEW YORK,Insufficient Information,24 AVENUE 33 STREET,24th Ave & 33rd St,FALSE,,,,,,,,,,,,,
199743290,BROOKLYN,.,.,.,AVE L E 12 ST,BROOKLYN,.,NEW YORK,Insufficient Information,AVE L E 12 ST,E 12th St & Avenue L,FALSE,,,,,,,,,,,,,
200139437,BROOKLYN,.,.,.,CATON AVENUE E 2ND STREET,BROOKLYN,.,NEW YORK,Insufficient Information,CATON AVENUE E 2ND STREET,E 2nd St & Caton Ave,FALSE,,,,,,,,,,,,,
200187846,BROOKLYN,.,.,.,I O AVENUE U WEST 12 STREET,BROOKLYN,.,NEW YORK,Insufficient Information,AVENUE U WEST 12 STREET,Avenue U & W 12th St,FALSE,,,,,,,,,,,,,
202865805,QUEENS,.,.,.,GREENWAY SOUTH ASCAN AVE,QUEENS,.,NEW YORK,Insufficient Information,GREENWAY SOUTH ASCAN AVE,Greenway S & Ascan Ave,FALSE,,,,,,,,,,,,,
206201490,MANHATTAN,.,.,.,AVENUE OF AMERICAS W 48 ST,NEW YORK,.,NEW YORK,Insufficient Information,AVENUE OF AMERICAS W 48 ST,6th Ave & W 48th St,FALSE,,,,,,,,,,,,,
207822524,QUEENS,.,.,.,57 AVENUE JUNCTION BLVD,QUEENS,.,NEW YORK,Insufficient Information,57 AVENUE JUNCTION BLVD,57th Ave & Junction Blvd,FALSE,,,,,,,,,,,,,
207827510,QUEENS,.,.,.,GRAND AVENUE 80 STREET,QUEENS,.,NEW YORK,Insufficient Information,GRAND AVENUE 80 STREET,80th St & Grand Ave,FALSE,,,,,,,,,,,,,
211741650,MANHATTAN,.,.,.,WEST 110TH BROADWAY,NEW YORK,.,NEW YORK,Insufficient Information,WEST 110TH BROADWAY,Broadway & W 110th St,FALSE,,,,,,,,,,,,,
211741678,NOT NYC,.,.,.,.,.,.,.,Insufficient Information,Not enough information to decipher,.,TRUE,,,,,,,,,,,,,
211743685,NOT NYC,.,.,.,47 6TH AVE,.,.,.,Insufficient Information,47 6TH AVE,6th Ave & W 47th St,FALSE,,,,,,,,,,,,,
211747360,NOT NYC,.,.,.,WEST 35TH BROADWAY,.,.,.,Insufficient Information,WEST 35TH BROADWAY,Broadway & W 35th St,FALSE,,,,,,,,,,,,,
211917833,MANHATTAN,.,.,.,S W CORNER OF W 37 2 AVE,NEW YORK,.,NEW YORK,Insufficient Information,S W CORNER OF W 37 2 AVE,2nd Ave & 37th St,FALSE,,,,,,,,,,,,,
211991322,MANHATTAN,.,.,.,PINEHURST AVENUE WEST 183 ST,NEW YORK,.,NEW YORK,Insufficient Information,PINEHURST AVENUE WEST 183 ST,Pinehurst Ave & W 183rd St,FALSE,,,,,,,,,,,,,
212092000,BRONX,.,.,.,CROTON PARK N ARTHUR AVE,BRONX,.,NEW YORK,Insufficient Information,CROTON PARK N ARTHUR AVE,Crotona Park North & Arthur Ave,FALSE,,,,,,,,,,,,,
214611412,BROOKLYN,.,.,.,I O CHAUNCEY BAINBRIDGE ST,BROOKLYN,.,NEW YORK,Insufficient Information,CHAUNCEY BAINBRIDGE ST,Broadway & Chauncey St,FALSE,,,,,,,,,,,,,
211742484,NOT NYC,.,.,.,I O E 42ND 5TH AVE,.,.,.,Insufficient Information,E 42ND 5TH AVE,5th Ave & E 42nd St,FALSE,,,,,,,,,,,,,
211742668,MANHATTAN,.,.,.,45TH 6TH AVE,NEW YORK,.,NEW YORK,Insufficient Information,45TH 6TH AVE,6th Ave & W 45th St,FALSE,,,,,,,,,,,,,
211747746,MANHATTAN,.,.,.,N W W 32 6TH AVE,NEW YORK,.,NEW YORK,Insufficient Information,N W W 32 6TH AVE,6th Ave & W 32nd St,FALSE,,,,,,,,,,,,,
197880430,MANHATTAN,.,.,.,GRAND CHRYSTIE STS,NEW YORK,.,NEW YORK,Insufficient Information,GRAND CHRYSTIE STS,Grand St & Chrystie St,FALSE,,,,,,,,,,,,,
202968600,.,.,.,.,.,.,.,.,Insufficient Information,Not enough information to decipher,615 8th St NE,TRUE,,,,,,,,,,,,,
203314513,BROOKLYN,.,.,.,W B EAST NEW YORK N B NEW YO,BROOKLYN,.,NEW YORK,Insufficient Information,EAST NEW YORK N B NEW YO,E New York Ave & New York Ave,TRUE,,,,,,,,,,,,,
211648609,BROOKLYN,.,.,.,7TH AVENUE IO 52 STREET,BROOKLYN,.,NEW YORK,Insufficient Information,7TH AVENUE IO 52 STREET,7th Ave & W 52nd St,FALSE,,,,,,,,,,,,,
209591398,MANHATTAN,.,.,.,CORNER 39TH 9TH AVENUE,NEW YORK,.,NEW YORK,Insufficient Information,39TH 9TH AVENUE,9th Ave & W 39th St,FALSE,,,,,,,,,,,,,