Ticket_Number,O_violation_location_borough,O_violation_location_block_no,O_violation_location_lot_no,O_violation_location_house_no,O_violation_location_street_name,O_violation_location_city,O_violation_location_zip_code,O_violation_location_state,Category (Gemini),Revised_Address (Gemini)
196178960,BROOKLYN,1117.0,1.0,,PROSPECT PARK,BROOKLYN,11215.0,NEW YORK,Intersection,PROSPECT PARK WEST AND FLATBUSH AVE
196184735,BROOKLYN,,,980,CONEY,BROOKLYN,,NEW YORK,Full Address,980 CONEY
196373504,MANHATTAN,,,,7TH AVE I O WEST 153 ST N W,NEW YORK,,NEW YORK,Intersection,7TH AVE AND AVE
196374916,MANHATTAN,1941.0,34.0,2310,7 AVENUE,NEW YORK,10030.0,NEW YORK,Full Address,2310 7 AVENUE
196374925,MANHATTAN,1941.0,34.0,2310,7 AVENUE,NEW YORK,10030.0,NEW YORK,Full Address,2310 7 AVENUE
196397493,BROOKLYN,,,,CONCORD NAVY STREET,BROOKLYN,,NEW YORK,Intersection,CONCORD AND RD
196426515,BROOKLYN,,,,FRANKLIN AVE DEAN ST,BROOKLYN,,NEW YORK,Intersection,FRANKLIN AVE AND AVE
196457113,BROOKLYN,3070.0,20.0,135,GRAHAM AVENUE,BROOKLYN,11206.0,NEW YORK,Full Address,135 GRAHAM AVENUE
196464813,BROOKLYN,,,,EASTERN PARKWAY BUFFALO AVEN,BROOKLYN,,NEW YORK,Insufficient Information,EASTERN PARKWAY BUFFALO AVEN
196592294,BROOKLYN,,,,FT HAMILTON PARKWAY AND 66 S,BROOKLYN,,NEW YORK,Intersection,FT HAMILTON PARKWAY AND 66 S
196611169,BROOKLYN,,,214,3 STREET,BROOKLYN,11215.0,NEW YORK,Full Address,214 3 STREET
196669139,NOT NYC,,,,W 40 ST 7TH AVE,,,,Intersection,W 40 ST AND ST
196675820,NOT NYC,,,,BROADWAY W 47 ST,,,,Insufficient Information,BROADWAY W 47 ST
196694549,BRONX,,,,C O KNOX PL W GUN HILL RD,BRONX,,NEW YORK,Intersection,KNOX PL AND PL
196704851,BRONX,,,,E 149 ST SOUTHERN BLVD,BRONX,,NEW YORK,Intersection,E 149 ST AND ST
196738291,BRONX,,,,PROSPECT AVE E 181 STREET,BRONX,,NEW YORK,Intersection,PROSPECT AVE AND AVE
196738475,BRONX,,,,ARTHUR AVE CRESCENT AVE,BRONX,,NEW YORK,Intersection,ARTHUR AVE AND AVE
197762611,QUEENS,,,110-20,DUNKIRK STREET,SAINT ALBANS,11412.0,NEW YORK,Full Address,110-20 DUNKIRK STREET
197764748,MANHATTAN,412.0,36.0,100,STANTON STREET,NEW YORK,10002.0,NEW YORK,Full Address,100 STANTON STREET
197770605,MANHATTAN,,,110,FORSYTH STREET,NEW YORK,10002.0,NEW YORK,Full Address,110 FORSYTH STREET
197771934,MANHATTAN,,,,CHRYSTIE ST GRAND ST,NEW YORK,,NEW YORK,Intersection,CHRYSTIE ST AND ST
197775921,MANHATTAN,197.0,25.0,242,CANAL STREET,NEW YORK,10013.0,NEW YORK,Full Address,242 CANAL STREET
197778460,MANHATTAN,,,,KENMARE STREET,MANHATTAN,,NEW YORK,Insufficient Information,KENMARE STREET
197853325,MANHATTAN,,,661,8 AVENUE,NEW YORK,10036.0,NEW YORK,Full Address,661 8 AVENUE
197872795,MANHATTAN,,,,EASTBOUND LIBERT ST WEST ST,NEW YORK,,NEW YORK,Intersection,EASTBOUND LIBERT ST AND ST
197882109,MANHATTAN,,,,I O DIVISION STREET PIKE STR,NEW YORK,,NEW YORK,Insufficient Information,DIVISION STREET PIKE STR
197942131,MANHATTAN,763.0,4.0,530,9 AVENUE,NEW YORK,10018.0,NEW YORK,Full Address,530 9 AVENUE
197969485,MANHATTAN,1038.0,33.0,781,8 AVENUE,NEW YORK,10036.0,NEW YORK,Full Address,781 8 AVENUE
197969540,MANHATTAN,1047.0,7501.0,356,WEST 57 STREET,NEW YORK,10019.0,NEW YORK,Full Address,356 WEST 57 STREET
197973849,MANHATTAN,833.0,38.0,302,5 AVENUE,NEW YORK,10001.0,NEW YORK,Full Address,302 5 AVENUE
198040380,MANHATTAN,212.0,7503.0,49,AVENUE OF THE AMERICAS,NEW YORK,10013.0,NEW YORK,Full Address,49 AVENUE OF THE AMERICAS
198051765,MANHATTAN,,,,45TH ST BROADWAY,NEW YORK,,NEW YORK,Intersection,45TH ST AND ST
198058805,MANHATTAN,,,,N EC O W 50 9TH,NEW YORK,,NEW YORK,Insufficient Information,N EC O W 50 9TH
198062050,MANHATTAN,303.0,15.0,93,BOWERY,NEW YORK,10002.0,NEW YORK,Full Address,93 BOWERY
198067587,MANHATTAN,,,,ELDRIDGE ST HESTER ST,NEW YORK,,NEW YORK,Intersection,ELDRIDGE ST AND ST
198094546,MANHATTAN,,,,I O GREENE ST CANAL ST,NEW YORK,,NEW YORK,Intersection,GREENE ST AND ST
198094921,MANHATTAN,141.0,1.0,13,HUDSON STREET,NEW YORK,10013.0,NEW YORK,Full Address,13 HUDSON STREET
198151764,MANHATTAN,331.0,65.0,500,GRAND STREET,NEW YORK,10002.0,NEW YORK,Full Address,500 GRAND STREET
198152204,MANHATTAN,,,,DELANCEY ST LEWIS ST,NEW YORK,,NEW YORK,Intersection,DELANCEY ST AND ST
198164277,MANHATTAN,,,,E 42 1 AVENUE,NEW YORK,,NEW YORK,Intersection,E 42 ST AND 1 AVE
198164295,MANHATTAN,,,,E 46 STREET 1 AVENUE,NEW YORK,,NEW YORK,Insufficient Information,E 46 STREET 1 AVENUE
198187532,MANHATTAN,759.0,1.0,464,9 AVENUE,NEW YORK,10018.0,NEW YORK,Full Address,464 9 AVENUE
198208744,MANHATTAN,921.0,27.0,239,1 AVENUE,NEW YORK,10003.0,NEW YORK,Full Address,239 1 AVENUE
198211750,MANHATTAN,,,1619,BROADWAY,NEW YORK,10019.0,NEW YORK,Full Address,1619 BROADWAY
198218278,MANHATTAN,,,,W 47TH ST 7TH AVENUE,NEW YORK,,NEW YORK,Intersection,W 47TH ST AND ST
198218287,MANHATTAN,,,1607,BROADWAY,NEW YORK,10019.0,NEW YORK,Full Address,1607 BROADWAY
198218516,MANHATTAN,1054.0,53.0,438,WEST 45 STREET,NEW YORK,10036.0,NEW YORK,Full Address,438 WEST 45 STREET
198218525,MANHATTAN,1062.0,29.0,781,9 AVENUE,NEW YORK,10019.0,NEW YORK,Full Address,781 9 AVENUE
198235337,MANHATTAN,,,,SOUTHWEST CORNER OF WEST 169,NEW YORK,,NEW YORK,Intersection,SOUTHWEST AND ST
198235831,MANHATTAN,,,894,RIVERSIDE DRIVE,NEW YORK,10032.0,NEW YORK,Full Address,894 RIVERSIDE DRIVE
198247785,MANHATTAN,2033.0,31.0,2542,7 AVENUE,NEW YORK,10039.0,NEW YORK,Full Address,2542 7 AVENUE
198247987,MANHATTAN,2033.0,31.0,2542,7 AVENUE,NEW YORK,10039.0,NEW YORK,Full Address,2542 7 AVENUE
198273121,QUEENS,9755.0,7501.0,89-14,PARSONS BOULEVARD,JAMAICA,11432.0,NEW YORK,Full Address,89-14 PARSONS BOULEVARD
198319770,MANHATTAN,,,,W 181 STREET AUDUBON AVE,NEW YORK,,NEW YORK,Insufficient Information,W 181 STREET AUDUBON AVE
198323685,MANHATTAN,1993.0,88.0,3161,BROADWAY,NEW YORK,10027.0,NEW YORK,Full Address,3161 BROADWAY
198324610,MANHATTAN,,,,ST NICHOLAS AVE W 141ST ST,NEW YORK,,NEW YORK,Intersection,ST AND ST
198370242,MANHATTAN,,,,W 168 ST AMSTERDAM AVE,NEW YORK,,NEW YORK,Intersection,W 168 ST AND ST
198374972,BRONX,,,,CARPENTER AVE AND E 242 STRE,BRONX,,NEW YORK,Intersection,CARPENTER AVE AND E 242 STRE
198439340,MANHATTAN,,,695,ST NICHOLAS AVENUE,NEW YORK,10030.0,NEW YORK,Full Address,695 ST NICHOLAS AVENUE
198465576,MANHATTAN,1514.0,39.0,186,EAST   86 STREET,NEW YORK,10028.0,NEW YORK,Full Address,186 EAST   86 STREET
198481993,MANHATTAN,,,,W85TH STREET AND BROADWAY,MANHATTAN,,NEW YORK,Intersection,W85TH STREET AND BROADWAY
198488548,MANHATTAN,,,,82ND BROADWAY,NEW YORK,,NEW YORK,Insufficient Information,82ND BROADWAY
198501079,BRONX,3792.0,42.0,1183,PUGSLEY AVENUE,BRONX,10472.0,NEW YORK,Full Address,1183 PUGSLEY AVENUE
198501088,BRONX,3792.0,42.0,1183,PUGSLEY AVENUE,BRONX,10472.0,NEW YORK,Full Address,1183 PUGSLEY AVENUE
198590132,MANHATTAN,,,,EAST 71ST ST 1ST AVE,NEW YORK,,NEW YORK,Intersection,EAST AND ST
198664346,QUEENS,,,,I O FLUSHING MEADOW PARK,QUEENS,,NEW YORK,Insufficient Information,FLUSHING MEADOW PARK
198665950,MANHATTAN,,,,S E C O E 131 ST 5 AVE,NEW YORK,,NEW YORK,Intersection,S E C O E 131 ST AND ST
198711536,MANHATTAN,,,,W 158 ST RIVERSIDE DR N E I,NEW YORK,,NEW YORK,Intersection,W 158 ST AND ST
198723232,STATEN IS,1218.0,1.0,80,MAPLE PARKWAY,STATEN ISLAND,10303.0,NEW YORK,Full Address,80 MAPLE PARKWAY
198729787,STATEN IS,,,,BRADLEY AVE VICTORY BLVD,STATEN ISLAND,,NEW YORK,Intersection,BRADLEY AVE AND AVE
198742574,STATEN IS,1037.0,3.0,297,PORT RICHMOND AVENUE,STATEN ISLAND,10302.0,NEW YORK,Full Address,297 PORT RICHMOND AVENUE
198744783,STATEN IS,,,,PORT RICHMOND AVE NEW STREET,STATEN ISLAND,,NEW YORK,Intersection,PORT RICHMOND AVE AND AVE
198755325,NOT NYC,,,,I O VREELAND ST PARK AV,,,NEW YORK,Intersection,VREELAND ST AND ST
198756535,STATEN IS,,,,MANOR RD WESTWOOD AV,STATEN ISLAND,,NEW YORK,Intersection,MANOR RD AND RD
198756544,STATEN IS,1760.0,45.0,526,GULF AVENUE,STATEN ISLAND,10314.0,NEW YORK,Full Address,526 GULF AVENUE
198802881,STATEN IS,,,50,BAY STREET,STATEN ISLAND,10301.0,NEW YORK,Full Address,50 BAY STREET
198814285,STATEN IS,51.0,1.0,151,JERSEY STREET,STATEN ISLAND,10301.0,NEW YORK,Full Address,151 JERSEY STREET
198830720,STATEN IS,378.0,12.0,1955,VICTORY BOULEVARD,STATEN ISLAND,10314.0,NEW YORK,Full Address,1955 VICTORY BOULEVARD
198886638,STATEN IS,6.0,153.0,41,VICTORY BOULEVARD,STATEN ISLAND,10301.0,NEW YORK,Full Address,41 VICTORY BOULEVARD
198886959,STATEN IS,,,,VAN DUZER WRIGHT ST,STATEN ISLAND,,NEW YORK,Insufficient Information,VAN DUZER WRIGHT ST
198886968,STATEN IS,,,143,BOYD STREET,STATEN ISLAND,10304.0,NEW YORK,Full Address,143 BOYD STREET
198892504,STATEN IS,,,,RICHMOND AVE SERRELL AVE,STATEN ISLAND,,NEW YORK,Intersection,RICHMOND AVE AND AVE
198923699,QUEENS,,,,W B PUTNAM AVE AT WOODWARD A,QUEENS,,NEW YORK,Intersection,W B PUTNAM AVE AND WOODWARD A
198923708,QUEENS,,,,MYRTLE AVE SENECA AVENUE,QUEENS,,NEW YORK,Intersection,MYRTLE AVE AND AVE
198931765,QUEENS,1357.0,21.0,25-30,84 STREET,EAST ELMHURST,11370.0,NEW YORK,Full Address,25-30 84 STREET
198936138,QUEENS,1374.0,143.0,26-45,94 STREET,EAST ELMHURST,11369.0,NEW YORK,Full Address,26-45 94 STREET
198953453,QUEENS,,,,N B ELIOT AVE I O METROPOLIT,QUEENS,,NEW YORK,Intersection,ELIOT AVE AND AVE
198963784,QUEENS,,,,GANTRY STATE PLAZA,QUEENS,,NEW YORK,Insufficient Information,GANTRY STATE PLAZA
198964087,QUEENS,,,,GREEN POINT AVE STARR AVE,QUEENS,,NEW YORK,Intersection,GREEN POINT AVE AND AVE
198965526,QUEENS,,,,E B ROOSEVELT AVE 61 ST,QUEENS,,NEW YORK,Intersection,E B ROOSEVELT AVE AND AVE
198967048,QUEENS,,,,50 AVE GARFIELD AVE,QUEENS,,NEW YORK,Intersection,50 AVE AND AVE
198967295,QUEENS,,,,VERNON BLVD 44 DRIVE,QUEENS,,NEW YORK,Intersection,VERNON BLVD AND BLVD
198968083,QUEENS,,,,44 AVE 58 ST,QUEENS,,NEW YORK,Intersection,44 AVE AND AVE
198968294,QUEENS,,,,48 ST AND QUEENS BLVD,QUEENS,,NEW YORK,Intersection,48 ST AND QUEENS BLVD
198969760,QUEENS,,,,GREENPOINT AVE REVIEW AVE,QUEENS,,NEW YORK,Intersection,GREENPOINT AVE AND AVE
198969770,QUEENS,,,,JACKSON AVE QUEENS BLVD,QUEENS,,NEW YORK,Intersection,JACKSON AVE AND AVE
198980688,QUEENS,,,,79 STREET 37 AVE,QUEENS,,NEW YORK,Insufficient Information,79 STREET 37 AVE
198983337,QUEENS,,,,N E C 111 ST I O 41 AVE,QUEENS,,NEW YORK,Intersection,N E C 111 ST AND ST
198985940,QUEENS,,,,FLUSHING MEADOWS CORONA PARK,CORONA,,NEW YORK,Insufficient Information,FLUSHING MEADOWS CORONA PARK
198987169,QUEENS,1536.0,7503.0,45-10,83 STREET,ELMHURST,11373.0,NEW YORK,Full Address,45-10 83 STREET
198987178,QUEENS,1536.0,7503.0,45-10,83 STREET,ELMHURST,11373.0,NEW YORK,Full Address,45-10 83 STREET
198998737,QUEENS,1767.0,48.0,37-84A,102 STREET,CORONA,11368.0,NEW YORK,Full Address,37-84A 102 STREET
198998901,NOT NYC,,,47-60,39 PL,,,NEW YORK,Full Address,47-60 39 PL
199000120,QUEENS,,,220,220 PLACE NORTHERN BLVD,QUEENS,,NEW YORK,Full Address,220 220 PLACE NORTHERN BLVD
199000167,QUEENS,,,,NB SPRINGFIELD WB HORACE HAR,QUEENS,,NEW YORK,Insufficient Information,NB SPRINGFIELD WB HORACE HAR
199010305,QUEENS,,,,MANSE ST 11 AVE,QUEENS,,NEW YORK,Intersection,MANSE ST AND ST
199016822,QUEENS,,,,NB SAUNDERS ST 63 DRIVE,QUEENS,,NEW YORK,Intersection,NB SAUNDERS ST AND ST
199017262,QUEENS,,,,I O QUEENS BLVD 64 ROAD,QUEENS,,NEW YORK,Intersection,QUEENS BLVD AND BLVD
199017271,QUEENS,,,,I O 108 STREET HORACE HARDIN,QUEENS,,NEW YORK,Insufficient Information,108 STREET HORACE HARDIN
199017318,QUEENS,,,,WETHEROLE ST I O 63 DR,QUEENS,,NEW YORK,Intersection,WETHEROLE ST AND ST
199049391,QUEENS,,,,97 ST ROOSEVELT AVE,QUEENS,,NEW YORK,Intersection,97 ST AND ST
199052206,QUEENS,1712.0,7501.0,97-20,NORTHERN BOULEVARD,CORONA,11368.0,NEW YORK,Full Address,97-20 NORTHERN BOULEVARD
199071144,QUEENS,,,,61 AVE MARATHON PKWY,QUEENS,,NEW YORK,Intersection,61 AVE AND AVE
199071474,QUEENS,,,46-40,FRANCIS LEWIS BOULEVARD,BAYSIDE,11361.0,NEW YORK,Full Address,46-40 FRANCIS LEWIS BOULEVARD
199076121,QUEENS,,,,BELL BLVD 38 AVENUE,QUEENS,,NEW YORK,Intersection,BELL BLVD AND BLVD
199083290,QUEENS,,,,QUEENS BOULEVARD AND 64 ROAD,QUEENS,,NEW YORK,Intersection,QUEENS BOULEVARD AND 64 ROAD
199084573,QUEENS,,,,AUSTIN STREET 62 AVENUE,QUEENS,,NEW YORK,Insufficient Information,AUSTIN STREET 62 AVENUE
199086627,QUEENS,,,,108 ST 66TH AVE,QUEENS,,NEW YORK,Intersection,108 ST AND ST
199087103,QUEENS,,,,QUEENS BLVD 65 ROAD,QUEENS,,NEW YORK,Intersection,QUEENS BLVD AND BLVD
199087552,QUEENS,,,,WOODHAVEN BLVD AT 64 ROAD,QUEENS,,NEW YORK,Intersection,WOODHAVEN BLVD AND 64 ROAD
199087956,QUEENS,,,,62 AVE QUEENS BRIDGE,QUEENS,,NEW YORK,Intersection,62 AVE AND AVE
199100844,QUEENS,,,,I O 111 ST 47 AVE,QUEENS,,NEW YORK,Intersection,111 ST AND ST
199126611,QUEENS,,,55-30,98 PLACE,CORONA,11368.0,NEW YORK,Full Address,55-30 98 PLACE
199167688,QUEENS,,,,167 STREET AND HIGHLAND AVEN,QUEENS,,NEW YORK,Intersection,167 STREET AND HIGHLAND AVEN
199185059,QUEENS,,,,70 ST AND QUEENS BLVD,QUEENS,,NEW YORK,Intersection,70 ST AND QUEENS BLVD
199189330,QUEENS,,,,63 ST QUEENS BLVD,QUEENS,,NEW YORK,Intersection,63 ST AND ST
199217637,QUEENS,,,,I O UNION ST 32 AVE,QUEENS,,NEW YORK,Intersection,UNION ST AND ST
199244385,QUEENS,,,,C O 149 STREET 20 AVENUE,QUEENS,,NEW YORK,Insufficient Information,149 STREET 20 AVENUE
199244403,QUEENS,,,,C O OF 130 ST 15 AVE,QUEENS,,NEW YORK,Intersection,OF 130 ST AND ST
199244486,QUEENS,,,,32 AVE LINDEN PLACE,QUEENS,,NEW YORK,Intersection,32 AVE AND AVE
199244807,QUEENS,,,,I O 137 ST WHITESTONE EX,QUEENS,,NEW YORK,Intersection,137 ST AND ST
199244843,QUEENS,,,,I O OAK AVE AND 162 ST,QUEENS,,NEW YORK,Intersection,OAK AVE AND 162 ST
199249481,QUEENS,,,,41 AVENUE HAIGHT STREET,QUEENS,,NEW YORK,Insufficient Information,41 AVENUE HAIGHT STREET
199307608,QUEENS,,,,C O 147 AVENUE SPRINGFIELD B,QUEENS,,NEW YORK,Insufficient Information,147 AVENUE SPRINGFIELD B
199367493,QUEENS,9589.0,1.0,135-02,LIBERTY AVENUE,SOUTH RICHMOND,11419.0,NEW YORK,Full Address,135-02 LIBERTY AVENUE
199367778,QUEENS,,,,LEFFERTS BLVD 133 AVE,QUEENS,,NEW YORK,Intersection,LEFFERTS BLVD AND BLVD
199368510,QUEENS,9518.0,31.0,113-01,LIBERTY AVENUE,SOUTH RICHMOND,11419.0,NEW YORK,Full Address,113-01 LIBERTY AVENUE
199368520,QUEENS,,,,C O LIBERTY AVE LEFFERTS PLA,QUEENS,,NEW YORK,Intersection,LIBERTY AVE AND AVE
199368539,QUEENS,9509.0,59.0,105-03,LIBERTY AVENUE,OZONE PARK,11417.0,NEW YORK,Full Address,105-03 LIBERTY AVENUE
199368548,QUEENS,,,,116 ST AND LIBERTY AVENUE,QUEENS,,NEW YORK,Intersection,116 ST AND LIBERTY AVENUE
199375469,QUEENS,,,,90 AVENUE 210 PLACE,QUEENS,,NEW YORK,Insufficient Information,90 AVENUE 210 PLACE
199384543,QUEENS,,,,C O S B 196 ST 115 DR,QUEENS,,NEW YORK,Intersection,196 ST AND ST
199455511,QUEENS,11639.0,34.0,111-48,I 678,SOUTH OZONE PAR,11420.0,NEW YORK,Full Address,111-48 I 678
199459325,QUEENS,,,,S W LIBERTY AVE 114 ST,QUEENS,,NEW YORK,Intersection,S W LIBERTY AVE AND AVE
199523675,QUEENS,,,17821,HILLSIDE AVENUE,JAMAICA,11432.0,NEW YORK,Full Address,17821 HILLSIDE AVENUE
199634528,QUEENS,,,,101 AVE 115 ST,QUEENS,,NEW YORK,Intersection,101 AVE AND AVE
199691279,QUEENS,,,,109 AVE 115 STREET,QUEENS,,NEW YORK,Intersection,109 AVE AND AVE
199692644,QUEENS,9535.0,3.0,112-06,LIBERTY AVENUE,SOUTH RICHMOND,11419.0,NEW YORK,Full Address,112-06 LIBERTY AVENUE
199696806,QUEENS,,,,ROCKAWAY BLVD 100 ST,QUEENS,,NEW YORK,Intersection,ROCKAWAY BLVD AND BLVD
199696824,QUEENS,,,,123 ST ROCKAWAY BLVD,QUEENS,,NEW YORK,Intersection,123 ST AND ST
199696833,QUEENS,,,,LIBERTY AVE 107 ST,QUEENS,,NEW YORK,Intersection,LIBERTY AVE AND AVE
199699840,QUEENS,11599.0,36.0,109-60,LEFFERTS BOULEVARD,SOUTH OZONE PAR,11420.0,NEW YORK,Full Address,109-60 LEFFERTS BOULEVARD
199733124,BROOKLYN,,,,BEVERLY ROAD I O ARGYLE ROAD,BROOKLYN,,NEW YORK,Insufficient Information,BEVERLY ROAD I O ARGYLE ROAD
199771606,BROOKLYN,,,,FLATBUSH AVENUE I O GLENWOOD,BROOKLYN,,NEW YORK,Insufficient Information,FLATBUSH AVENUE I O GLENWOOD
199802287,BROOKLYN,5104.0,92.0,2606,CHURCH AVENUE,BROOKLYN,11226.0,NEW YORK,Full Address,2606 CHURCH AVENUE
199818026,BROOKLYN,,,,I O CHURCH AVE RUGBY RD,BROOKLYN,,NEW YORK,Intersection,CHURCH AVE AND AVE
199820336,BROOKLYN,,,,S B ON 4TH AVE I O 16TH ST,BROOKLYN,,NEW YORK,Intersection,ON 4TH AVE AND AVE
199833480,BROOKLYN,,,,18TH AVE AND BAY RIDGE PRWY,BROOKLYN,,NEW YORK,Intersection,18TH AVE AND BAY RIDGE PRWY
199893293,BROOKLYN,,,,SNYDER AVE NEW YORK AVE,BROOKLYN,,NEW YORK,Intersection,SNYDER AVE AND AVE
199897803,BROOKLYN,7727.0,28.0,859,EAST 43 STREET,BROOKLYN,11210.0,NEW YORK,Full Address,859 EAST 43 STREET
199913854,BROOKLYN,,,,86 STREET I O STILLWELL AVE,BROOKLYN,,NEW YORK,Insufficient Information,86 STREET I O STILLWELL AVE
199922086,BROOKLYN,,,,E 73 ST AND RALPH AVE,BROOKLYN,,NEW YORK,Intersection,E 73 ST AND RALPH AVE
199934020,BROOKLYN,,,,REMSEN AVE RUTLAND RD,BROOKLYN,,NEW YORK,Intersection,REMSEN AVE AND AVE
199934800,BROOKLYN,5085.0,19.0,723,ROGERS AVENUE,BROOKLYN,11226.0,NEW YORK,Full Address,723 ROGERS AVENUE
199938788,MANHATTAN,,,,BROADWAY AND W 34 ST,NEW YORK,,NEW YORK,Intersection,BROADWAY AND W 34 ST
199938797,MANHATTAN,,,,7 AVE W 34 ST,NEW YORK,,NEW YORK,Intersection,7 AVE AND AVE
199938806,MANHATTAN,,,,BROADWAY W 32 ST,NEW YORK,,NEW YORK,Insufficient Information,BROADWAY W 32 ST
199939282,BROOKLYN,,,,N E C O OF SNYDER AVE E 53 S,BROOKLYN,,NEW YORK,Intersection,N E C O OF SNYDER AVE AND AVE
199976646,BROOKLYN,,,,I O AVE N E 5TH ST,BROOKLYN,,NEW YORK,Intersection,AVE AND AVE
200004081,BROOKLYN,,,,NEVINS ST I O WYCKOFF ST,BROOKLYN,,NEW YORK,Intersection,NEVINS ST AND ST
200036605,BROOKLYN,,,,I O 8TH AVENUE 9TH STREET,BROOKLYN,,NEW YORK,Insufficient Information,8TH AVENUE 9TH STREET
200066140,BROOKLYN,,,,13 AVE 60 STREET,BROOKLYN,,NEW YORK,Intersection,13 AVE AND AVE
200072070,BROOKLYN,,,,I O 63 ST 10 AVE,BROOKLYN,,NEW YORK,Intersection,63 ST AND ST
200144378,BROOKLYN,,,,W 33 ST NEPTUNE AVE,BROOKLYN,,NEW YORK,Intersection,W 33 ST AND ST
200178249,BROOKLYN,4813.0,1.0,701,FENIMORE STREET,BROOKLYN,11203.0,NEW YORK,Full Address,701 FENIMORE STREET
200182355,BROOKLYN,,,,I O W B AVENUE W EAST 23RD S,BROOKLYN,,NEW YORK,Intersection,W B AVENUE W EAST AND ST
200194262,BROOKLYN,,,,W B MIDWOOD ST INTERSECTION,BROOKLYN,,NEW YORK,Intersection,W B MIDWOOD ST AND ST
200221625,BROOKLYN,,,2200,ROCKAWAY PARKWAY,BROOKLYN,11234.0,NEW YORK,Full Address,2200 ROCKAWAY PARKWAY
200264085,BROOKLYN,6491.0,180.0,1730,BELT PARKWAY,BROOKLYN,11214.0,NEW YORK,Full Address,1730 BELT PARKWAY
200266029,BROOKLYN,,,,18 AVE 86 ST,BROOKLYN,,NEW YORK,Intersection,18 AVE AND AVE
200266597,BROOKLYN,,,,C O BAY PARKWAY 84 STREET,BROOKLYN,,NEW YORK,Insufficient Information,BAY PARKWAY 84 STREET
200268027,BROOKLYN,,,,I O BAYRIDGE PKWY 16 AVE S E,BROOKLYN,,NEW YORK,Intersection,BAYRIDGE PKWY AND PKWY
200269576,BROOKLYN,,,,65 STREET 23 AVE,BROOKLYN,,NEW YORK,Insufficient Information,65 STREET 23 AVE
200295325,MANHATTAN,,,,W 34 ST 6 AVE,NEW YORK,,NEW YORK,Intersection,W 34 ST AND ST
200315428,MANHATTAN,,,,W 45 7 AVE,NEW YORK,,NEW YORK,Intersection,W 45 ST AND 7 AVE
200315446,MANHATTAN,,,,W 45 7 AVE,NEW YORK,,NEW YORK,Intersection,W 45 ST AND 7 AVE
200315491,MANHATTAN,,,,N W O W 45 7 AVE,NEW YORK,,NEW YORK,Insufficient Information,N W O W 45 7 AVE
200324549,BRONX,,,,CASTLE HILL GLEASON AVE,BRONX,,NEW YORK,Insufficient Information,CASTLE HILL GLEASON AVE
200335906,BRONX,,,,S W C O STARLING AVE OLMSTEA,BRONX,,NEW YORK,Intersection,S W C O STARLING AVE AND AVE
200336319,BRONX,,,1220,STARTFORD AVE,BRONX,,NEW YORK,Full Address,1220 STARTFORD AVE
200345952,BRONX,,,,WHITE PLAINS RD BRUCKNER BLV,BRONX,,NEW YORK,Intersection,WHITE PLAINS RD AND RD
200353991,BRONX,,,,E 161 STREET AND MELROSE AVE,BRONX,,NEW YORK,Intersection,E 161 STREET AND MELROSE AVE
200368356,BRONX,,,,SOUTHERN BLVD E 187 ST,BRONX,,NEW YORK,Intersection,SOUTHERN BLVD AND BLVD
200425711,BROOKLYN,,,,C O STANHOPE WYCKOFF,BROOKLYN,,NEW YORK,Insufficient Information,STANHOPE WYCKOFF
200520962,BRONX,2506.0,1.0,1183,JEROME AVENUE,BRONX,10452.0,NEW YORK,Full Address,1183 JEROME AVENUE
200529313,BRONX,2842.0,6.0,10,EAST 170 STREET,BRONX,10452.0,NEW YORK,Full Address,10 EAST 170 STREET
200529322,BRONX,2788.0,1.0,,CLAREMONT PARK,BRONX,10457.0,NEW YORK,Insufficient Information,CLAREMONT PARK
200529350,BRONX,2843.0,65.0,45,EAST 170 STREET,BRONX,10452.0,NEW YORK,Full Address,45 EAST 170 STREET
200529369,BRONX,2843.0,65.0,45,EAST 170 STREET,BRONX,10452.0,NEW YORK,Full Address,45 EAST 170 STREET
200529378,BRONX,2842.0,18.0,56,EAST 170 STREET,BRONX,10452.0,NEW YORK,Full Address,56 EAST 170 STREET
200540084,BRONX,,,,C O EASTCHESTER RD WATERS PL,BRONX,,NEW YORK,Intersection,EASTCHESTER RD AND RD
200540634,BRONX,,,,TENBROECK AVE MORRIS PARK AV,BRONX,,NEW YORK,Intersection,TENBROECK AVE AND AVE
200556254,BRONX,,,,LAFAYETTE AVE BRINSMADE AVE,BRONX,,NEW YORK,Intersection,LAFAYETTE AVE AND AVE
200673157,BRONX,2763.0,252.0,720,HUNTS POINT AVENUE,BRONX,10474.0,NEW YORK,Full Address,720 HUNTS POINT AVENUE
200700428,BRONX,,,,E 149 ST GERARD AV,BRONX,,NEW YORK,Intersection,E 149 ST AND ST
200731200,BRONX,,,,E KINGSBRIDGE AND MORRIS AVE,BRONX,,NEW YORK,Intersection,E KINGSBRIDGE AND MORRIS AVE
200734867,BRONX,3347.0,38.0,3291,HULL AVENUE,BRONX,10467.0,NEW YORK,Full Address,3291 HULL AVENUE
200734921,BRONX,,,,N W WEBSTER AV BOTANICAL SQU,BRONX,,NEW YORK,Insufficient Information,N W WEBSTER AV BOTANICAL SQU
200787007,BRONX,,,,I O CLAREMONT AVE,BRONX,,NEW YORK,Insufficient Information,CLAREMONT AVE
200803671,BRONX,,,41,VAN COURTLANDT AVE,BRONX,,NEW YORK,Full Address,41 VAN COURTLANDT AVE
201010270,BRONX,,,,C O MORRIS PARK AVE BOGART A,BRONX,,NEW YORK,Intersection,MORRIS PARK AVE AND AVE
201017823,BRONX,,,,ADAMS ST VAN NEST AVE,BRONX,,NEW YORK,Intersection,ADAMS ST AND ST
201045296,BRONX,2749.0,22.0,1050,HOE AVENUE,BRONX,10459.0,NEW YORK,Full Address,1050 HOE AVENUE
201077856,MANHATTAN,,,5,TIMES SQUARE,NEW YORK,10036.0,NEW YORK,Full Address,5 TIMES SQUARE
201093173,MANHATTAN,1687.0,1.0,303,EAST 115 STREET,NEW YORK,10029.0,NEW YORK,Full Address,303 EAST 115 STREET
201098444,BROOKLYN,3412.0,4.0,561,WILSON AVENUE,BROOKLYN,11207.0,NEW YORK,Full Address,561 WILSON AVENUE
201106016,BROOKLYN,3531.0,1.0,123,EAST 98 STREET,BROOKLYN,11212.0,NEW YORK,Full Address,123 EAST 98 STREET
201115090,BROOKLYN,,,,HOYT ST I O STATE ST,BROOKLYN,,NEW YORK,Intersection,HOYT ST AND ST
201126339,NOT NYC,,,,38 ST 7 AVE,,,,Intersection,38 ST AND ST
201126348,NOT NYC,,,,S E 33 ST 7 AVE,,,,Intersection,S E 33 ST AND ST
201148595,BROOKLYN,,,,WATERBURY ST I O MEADOW ST,BROOKLYN,,NEW YORK,Intersection,WATERBURY ST AND ST
201177891,BROOKLYN,1493.0,9.0,790,HALSEY STREET,BROOKLYN,11233.0,NEW YORK,Full Address,790 HALSEY STREET
201227144,NOT NYC,,,,32 ST 6 AVE,,,,Intersection,32 ST AND ST
201282620,BROOKLYN,1979.0,14.0,477,WASHINGTON AVENUE,BROOKLYN,11238.0,NEW YORK,Full Address,477 WASHINGTON AVENUE
201287204,BROOKLYN,2023.0,1.0,15,WASHINGTON AVENUE,BROOKLYN,11205.0,NEW YORK,Full Address,15 WASHINGTON AVENUE
201332405,BROOKLYN,2394.0,12.0,238,GRAND STREET,BROOKLYN,11211.0,NEW YORK,Full Address,238 GRAND STREET
201338711,BROOKLYN,,,,C O BROADWAY HAVEMEYER ST,BROOKLYN,,NEW YORK,Insufficient Information,BROADWAY HAVEMEYER ST
201361060,BROOKLYN,,,,BERGEN ALBANY AVE,BROOKLYN,,NEW YORK,Insufficient Information,BERGEN ALBANY AVE
201461664,BROOKLYN,,,,E B PARK AVE MARCUS GARVEY,BROOKLYN,,NEW YORK,Intersection,E B PARK AVE AND AVE
201479722,BROOKLYN,,,,S W C GATES AVE REID AVE,BROOKLYN,,NEW YORK,Intersection,S W C GATES AVE AND AVE
201479731,BROOKLYN,1556.0,5.0,323,RALPH AVENUE,BROOKLYN,11233.0,NEW YORK,Full Address,323 RALPH AVENUE
201496314,BROOKLYN,3257.0,5.0,201,WILSON AVENUE,BROOKLYN,11237.0,NEW YORK,Full Address,201 WILSON AVENUE
201496323,BROOKLYN,3257.0,5.0,201,WILSON AVENUE,BROOKLYN,11237.0,NEW YORK,Full Address,201 WILSON AVENUE
201529269,BROOKLYN,,,,I O JORALEMON ST HENRY ST,BROOKLYN,,NEW YORK,Intersection,JORALEMON ST AND ST
201531083,BROOKLYN,,,,DEKALB AVE AND SOUTH ELLIOTT,BROOKLYN,,NEW YORK,Intersection,DEKALB AVE AND SOUTH ELLIOTT
201533494,BROOKLYN,,,,WASHINGTON GATES,BROOKLYN,,NEW YORK,Insufficient Information,WASHINGTON GATES
201563790,BROOKLYN,1579.0,37.0,885,PARK AVENUE,BROOKLYN,11206.0,NEW YORK,Full Address,885 PARK AVENUE
201569767,BROOKLYN,,,,S B SCHNECTADY I O FULTON ST,BROOKLYN,,NEW YORK,Insufficient Information,SCHNECTADY I O FULTON ST
201569868,BROOKLYN,1682.0,10.0,297,MALCOLM X BOULEVARD,BROOKLYN,11233.0,NEW YORK,Full Address,297 MALCOLM X BOULEVARD
201576679,BROOKLYN,,,,S B TOMPKINS AVE FLUSHING AV,BROOKLYN,,NEW YORK,Intersection,TOMPKINS AVE AND AVE
201578850,BROOKLYN,1749.0,15.0,995,MYRTLE AVENUE,BROOKLYN,11206.0,NEW YORK,Full Address,995 MYRTLE AVENUE
201590456,BROOKLYN,3161.0,7.0,603,BUSHWICK AVENUE,BROOKLYN,11206.0,NEW YORK,Full Address,603 BUSHWICK AVENUE
201642000,BRONX,,,,E 230 ST BRONXWOOD AVE,BRONX,,NEW YORK,Intersection,E 230 ST AND ST
201644814,BRONX,,,,C O BAYCHESTER AV BOSTON RD,BRONX,,NEW YORK,Insufficient Information,BAYCHESTER AV BOSTON RD
201741944,BRONX,,,1504,WEBSTER AVENUE,BRONX,10457.0,NEW YORK,Full Address,1504 WEBSTER AVENUE
201741980,BRONX,,,700,WHITE PLAINS ROAD,BRONX,10473.0,NEW YORK,Full Address,700 WHITE PLAINS ROAD
201744474,BRONX,,,,LACONIA AVE AT E 229 ST,BRONX,,NEW YORK,Intersection,LACONIA AVE AND E 229 ST
201745290,BRONX,3935.0,1.0,1303,CASTLE HILL AVENUE,BRONX,10462.0,NEW YORK,Full Address,1303 CASTLE HILL AVENUE
201783441,QUEENS,10202.0,59.0,112-19,GUY R BREWER BOULEVARD,JAMAICA,11433.0,NEW YORK,Full Address,112-19 GUY R BREWER BOULEVARD
201783708,,,,,,,,,Insufficient Information,NAN
201785540,,,,,,,,,Insufficient Information,NAN
201786146,BRONX,,,,,BRONX,,NEW YORK,Insufficient Information,NAN
201787713,QUEENS,10107.0,142.0,150-35,LIBERTY AVENUE,JAMAICA,11433.0,NEW YORK,Full Address,150-35 LIBERTY AVENUE
201799878,BRONX,,,,NB EVERGREEN WESTCHESTER,BRONX,,NEW YORK,Insufficient Information,NB EVERGREEN WESTCHESTER
202082908,QUEENS,470.0,200.0,40-09,12 STREET,LONG ISLAND CIT,11101.0,NEW YORK,Full Address,40-09 12 STREET
202082962,NOT NYC,,,40-05,12 ST,,,NEW YORK,Full Address,40-05 12 ST
202083530,QUEENS,465.0,100.0,41-08,10 STREET,LONG ISLAND CIT,11101.0,NEW YORK,Full Address,41-08 10 STREET
202134451,BRONX,3663.0,1.0,1755,STORY AVENUE,BRONX,10473.0,NEW YORK,Full Address,1755 STORY AVENUE
202134489,BRONX,3637.0,1.0,805,TAYLOR AVENUE,BRONX,10473.0,NEW YORK,Full Address,805 TAYLOR AVENUE
202138934,BRONX,,,1762,STORY,BRONX,,NEW YORK,Full Address,1762 STORY
202307564,MANHATTAN,911.0,64.0,443,3 AVENUE,NEW YORK,10016.0,NEW YORK,Full Address,443 3 AVENUE
202757749,QUEENS,9844.0,42.0,171-19,HILLSIDE AVENUE,JAMAICA,11432.0,NEW YORK,Full Address,171-19 HILLSIDE AVENUE
202815910,QUEENS,,,,FARMERS BLVD MONGIN AVE,QUEENS,,NEW YORK,Intersection,FARMERS BLVD AND BLVD
202817598,QUEENS,,,,INTER ROCKAWAY BLVD SUTPHIN,QUEENS,,NEW YORK,Intersection,INTER ROCKAWAY BLVD AND BLVD
202819688,QUEENS,,,,BAISLEY BLVD + 172 STREET,QUEENS,,NEW YORK,Insufficient Information,BAISLEY BLVD + 172 STREET
202827314,QUEENS,10304.0,25.0,110-20,DUNKIRK STREET,SAINT ALBANS,11412.0,NEW YORK,Full Address,110-20 DUNKIRK STREET
202852210,QUEENS,,,,LITTLE NECK PARKWAY AND HORA,QUEENS,,NEW YORK,Intersection,LITTLE NECK PARKWAY AND HORA
202864760,QUEENS,,,,WOODHAVEN BLVD AND 64 ROAD,QUEENS,,NEW YORK,Intersection,WOODHAVEN BLVD AND 64 ROAD
202882278,QUEENS,,,,63 STREET ROOSEVELT AVENUE,QUEENS,,NEW YORK,Insufficient Information,63 STREET ROOSEVELT AVENUE
202882379,QUEENS,,,,EAST BOUND 47 AVENUE 31 STRE,QUEENS,,NEW YORK,Intersection,EAST AND ST
202889859,QUEENS,,,,59 ST WOODSIDE,QUEENS,,NEW YORK,Intersection,59 ST AND ST
202931154,QUEENS,,,,57 AVENUE AND 99 STREET,QUEENS,,NEW YORK,Intersection,57 AVENUE AND 99 STREET
202956344,MANHATTAN,1014.0,1.0,253,WEST 42 STREET,NEW YORK,10036.0,NEW YORK,Full Address,253 WEST 42 STREET
202956380,MANHATTAN,1015.0,4.0,688,8 AVENUE,NEW YORK,10036.0,NEW YORK,Full Address,688 8 AVENUE
202981130,MANHATTAN,,,,E 138 ST 5 AVENUE,NEW YORK,,NEW YORK,Intersection,E 138 ST AND ST
202985577,MANHATTAN,1767.0,52.0,158,EAST 119 STREET,NEW YORK,10035.0,NEW YORK,Full Address,158 EAST 119 STREET
203061019,QUEENS,,,89-02,130 STREET,RICHMOND HILL,11418.0,NEW YORK,Full Address,89-02 130 STREET
203061257,QUEENS,,,98-21,97 AVENUE,OZONE PARK,11416.0,NEW YORK,Full Address,98-21 97 AVENUE
203063190,QUEENS,9491.0,8.0,124-16,101 AVENUE,SOUTH RICHMOND,11419.0,NEW YORK,Full Address,124-16 101 AVENUE
203068077,QUEENS,,,,S W C O PARK LN S + WOODHAVE,QUEENS,,NEW YORK,Intersection,S W C O PARK LN AND LN
203189755,MANHATTAN,1637.0,33.0,1984,3 AVENUE,NEW YORK,10029.0,NEW YORK,Full Address,1984 3 AVENUE
203215220,QUEENS,,,,100 AVE AND 218 ST,QUEENS,,NEW YORK,Intersection,100 AVE AND 218 ST
203215239,QUEENS,,,,100 AVE AND 218 ST,QUEENS,,NEW YORK,Intersection,100 AVE AND 218 ST
203308032,BROOKLYN,5117.0,59.0,183,EAST 13 STREET,BROOKLYN,11218.0,NEW YORK,Full Address,183 EAST 13 STREET
203342700,BROOKLYN,,,,4 AVENUE I O 16 STREET,BROOKLYN,,NEW YORK,Insufficient Information,4 AVENUE I O 16 STREET
203343627,BROOKLYN,,,,S B 4 AVE 49 STREET,BROOKLYN,,NEW YORK,Intersection,4 AVE AND AVE
204594767,MANHATTAN,,,,W 43RD STREET 7TH AVENUE,NEW YORK,,NEW YORK,Intersection,W 43RD AND RD
204603035,MANHATTAN,1033.0,29.0,661,8 AVENUE,NEW YORK,10036.0,NEW YORK,Full Address,661 8 AVENUE
204694088,MANHATTAN,1515.0,33.0,179,EAST 86 STREET,NEW YORK,10028.0,NEW YORK,Full Address,179 EAST 86 STREET
204696214,MANHATTAN,,,,INTERSECTION OF EAST 59 LEXI,NEW YORK,,NEW YORK,Intersection,INTERSECTION OF EAST AND ST
204704226,QUEENS,,,,S E C O GUY BREWER BLVD BAIS,QUEENS,,NEW YORK,Intersection,S E C O GUY BREWER BLVD AND BLVD
204740810,BRONX,,,,E TREMONT AVE SOUTHERN BLVD,BRONX,,NEW YORK,Intersection,E TREMONT AVE AND AVE
204747364,MANHATTAN,,,,W 32ND 5TH AVE,NEW YORK,,NEW YORK,Insufficient Information,W 32ND 5TH AVE
204747373,MANHATTAN,,,,W 32ND ST 5TH AVE,NEW YORK,,NEW YORK,Intersection,W 32ND ST AND ST
204748446,BRONX,,,,S W FORDHAM RD CROSTON AVE,BRONX,,NEW YORK,Intersection,S W FORDHAM RD AND RD
204781821,MANHATTAN,,,,E 106 ST MADISON AVE,NEW YORK,,NEW YORK,Intersection,E 106 ST AND ST
204786423,MANHATTAN,,,,EAST 103 ST AND 1ST AVE,NEW YORK,,NEW YORK,Intersection,EAST 103 ST AND 1ST AVE
204787450,MANHATTAN,,,,E 100 STREET 3RD AVENUE,NEW YORK,,NEW YORK,Intersection,E 100 STREET 3RD AND RD
205964267,MANHATTAN,1914.0,1.0,2181,7 AVENUE,NEW YORK,10027.0,NEW YORK,Full Address,2181 7 AVENUE
206044329,MANHATTAN,1014.0,1.0,253,WEST 42 STREET,NEW YORK,10036.0,NEW YORK,Full Address,253 WEST 42 STREET
206047252,MANHATTAN,1018.0,7502.0,247,WEST 46 STREET,NEW YORK,10036.0,NEW YORK,Full Address,247 WEST 46 STREET
206047261,MANHATTAN,,,,S W C O W 43 8 AVENUE,NEW YORK,,NEW YORK,Insufficient Information,S W C O W 43 8 AVENUE
206047335,MANHATTAN,1033.0,29.0,661,8 AVENUE,NEW YORK,10036.0,NEW YORK,Full Address,661 8 AVENUE
206047344,MANHATTAN,,,1518,BROADWAY,NEW YORK,10036.0,NEW YORK,Full Address,1518 BROADWAY
206047390,MANHATTAN,1016.0,36.0,1515,BROADWAY,NEW YORK,10036.0,NEW YORK,Full Address,1515 BROADWAY
206160433,QUEENS,,,,I O MYRTLE AVE UNION TPKE,QUEENS,,NEW YORK,Intersection,MYRTLE AVE AND AVE
206160635,QUEENS,3637.0,52.0,71-27,FRESH POND ROAD,RIDGEWOOD,11385.0,NEW YORK,Full Address,71-27 FRESH POND ROAD
206200015,MANHATTAN,,,,W 43RD ST BWAY,NEW YORK,,NEW YORK,Intersection,W 43RD AND RD
206200024,MANHATTAN,,,,11TH AVE W 30TH ST 20 HUDSON,NEW YORK,,NEW YORK,Intersection,11TH AVE AND AVE
206200033,NOT NYC,,,20,HUDSON YARDS,,,,Full Address,20 HUDSON YARDS
206200262,MANHATTAN,,,,WEST 41 STREET 7 AVE,NEW YORK,,NEW YORK,Intersection,WEST AND ST
206200271,NOT NYC,,,,WEST 35 STREET AND BROADWAY,,,,Intersection,WEST 35 STREET AND BROADWAY
206200280,MANHATTAN,,,,W 35 ST BROADWAY,NEW YORK,,NEW YORK,Intersection,W 35 ST AND ST
206200327,MANHATTAN,,,,E 48 ST 5 AVE,NEW YORK,,NEW YORK,Intersection,E 48 ST AND ST
206200510,MANHATTAN,,,,WEST 42 ST 8TH AVE,NEW YORK,,NEW YORK,Intersection,WEST AND ST
206200538,MANHATTAN,804.0,40.0,829,AVENUE OF THE AMERICAS,NEW YORK,10001.0,NEW YORK,Full Address,829 AVENUE OF THE AMERICAS
206200547,MANHATTAN,,,,WEST 42 ST 8TH AVE,NEW YORK,,NEW YORK,Intersection,WEST AND ST
206200693,MANHATTAN,,,,W 48TH ST 5TH AVE,NEW YORK,,NEW YORK,Intersection,W 48TH ST AND ST
206201317,MANHATTAN,798.0,41.0,695,AVENUE OF THE AMERICAS,NEW YORK,10010.0,NEW YORK,Full Address,695 AVENUE OF THE AMERICAS
206201326,NOT NYC,,,,6 AVE AND W 23 ST,,,,Intersection,6 AVE AND W 23 ST
206210346,BRONX,,,,RICHARDSON AVE E 241 ST,BRONX,,NEW YORK,Intersection,RICHARDSON AVE AND AVE
206210539,BRONX,,,,I O LACONIA AVE 233 ST,BRONX,,NEW YORK,Intersection,LACONIA AVE AND AVE
206212546,BRONX,,,,E 230 ST I O LOWERRE PL,BRONX,,NEW YORK,Intersection,E 230 ST AND ST
206213920,BRONX,,,,C O ELDER AVE WESTCHESTER AV,BRONX,,NEW YORK,Intersection,ELDER AVE AND AVE
206214040,BRONX,4666.0,47.0,3762,WHITE PLAINS ROAD,BRONX,10467.0,NEW YORK,Full Address,3762 WHITE PLAINS ROAD
206214260,BRONX,,,,N W C O WATSON AVE STRATFORD,BRONX,,NEW YORK,Intersection,N W C O WATSON AVE AND AVE
206215736,BRONX,,,,HUGH J GRANT CIRCLE,BRONX,10462.0,NEW YORK,Insufficient Information,HUGH J GRANT CIRCLE
206217056,QUEENS,12599.0,16.0,189-34,LINDEN BOULEVARD,SAINT ALBANS,11412.0,NEW YORK,Full Address,189-34 LINDEN BOULEVARD
206217065,QUEENS,11068.0,115.0,196-27,LINDEN BOULEVARD,SAINT ALBANS,11412.0,NEW YORK,Full Address,196-27 LINDEN BOULEVARD
206217606,BRONX,2478.0,40.0,1115,WALTON AVENUE,BRONX,10452.0,NEW YORK,Full Address,1115 WALTON AVENUE
206239303,MANHATTAN,,,,E 22 STREET 2 AVE,NEW YORK,,NEW YORK,Insufficient Information,E 22 STREET 2 AVE
207630400,QUEENS,13021.0,48.0,137-38,BEDELL STREET,SPRINGFIELD GDN,11413.0,,Full Address,137-38 BEDELL STREET
207699773,MANHATTAN,,,,W 181 ST AMSTERDAM AVE,NEW YORK,,NEW YORK,Intersection,W 181 ST AND ST
207802614,BRONX,,,,INTERSECTION OF ROBERTS AVE,BRONX,,NEW YORK,Insufficient Information,INTERSECTION OF ROBERTS AVE
207805703,BRONX,,,,HUTCHINSON RIVER PKWY AND LA,BRONX,,NEW YORK,Intersection,HUTCHINSON RIVER PKWY AND LA
207805932,BRONX,,,,WESTCHESTER AVE ZEREGA AVE,BRONX,,NEW YORK,Intersection,WESTCHESTER AVE AND AVE
207817006,MANHATTAN,,,,WEST 85 STREET AND WEST END,NEW YORK,,NEW YORK,Intersection,WEST 85 STREET AND WEST END
207820059,QUEENS,,,,I O 74 ST GRAND AVE,QUEENS,,NEW YORK,Intersection,74 ST AND ST
207849373,MANHATTAN,1305.0,1.0,325,PARK AVENUE,NEW YORK,10022.0,NEW YORK,Full Address,325 PARK AVENUE
207849391,MANHATTAN,1293.0,1.0,1,EAST 57 STREET,NEW YORK,10022.0,NEW YORK,Full Address,1 EAST 57 STREET
208110468,BROOKLYN,1771.0,36.0,136,HART STREET,BROOKLYN,11206.0,NEW YORK,Full Address,136 HART STREET
208110477,BROOKLYN,1859.0,33.0,492,MARCUS GARVEY BOULEVARD,BROOKLYN,11216.0,NEW YORK,Full Address,492 MARCUS GARVEY BOULEVARD
208112392,NOT NYC,,,,BROOKLYBN AVE I O FULTON ST,,,NEW YORK,Intersection,BROOKLYBN AVE AND AVE
208112603,BROOKLYN,,,,C O TOMPKINS LEXINGTON,BROOKLYN,,NEW YORK,Insufficient Information,TOMPKINS LEXINGTON
208112998,BROOKLYN,,,191,MACON STREET,BROOKLYN,11216.0,NEW YORK,Full Address,191 MACON STREET
209374294,BROOKLYN,,,,S B LORIMER ST I O MONTROSE,BROOKLYN,,NEW YORK,Intersection,LORIMER ST AND ST
209374312,BROOKLYN,3048.0,29.0,349,MESEROLE STREET,BROOKLYN,11206.0,NEW YORK,Full Address,349 MESEROLE STREET
209374330,BROOKLYN,3124.0,13.0,246,COOK STREET,BROOKLYN,11206.0,NEW YORK,Full Address,246 COOK STREET
209514059,BROOKLYN,,,,I O PARADE PL PARKSIDE AVE,BROOKLYN,,NEW YORK,Intersection,PARADE PL AND PL
209515855,BROOKLYN,,,,I O OCEAN AVE AND CHURCH AVE,BROOKLYN,,NEW YORK,Intersection,OCEAN AVE AND CHURCH AVE
209570379,MANHATTAN,1644.0,7.0,109,EAST 116 STREET,NEW YORK,10029.0,NEW YORK,Full Address,109 EAST 116 STREET
209580113,MANHATTAN,,,,E 122 STREET AND 3RD AVE,NEW YORK,,NEW YORK,Intersection,E 122 STREET AND 3RD AVE
209580214,MANHATTAN,1755.0,1.0,2121,5 AVENUE,NEW YORK,10037.0,NEW YORK,Full Address,2121 5 AVENUE
209580544,MANHATTAN,1688.0,37.0,332,EAST 117 STREET,NEW YORK,10035.0,NEW YORK,Full Address,332 EAST 117 STREET
209595248,MANHATTAN,999.0,3.0,1560,BROADWAY,NEW YORK,10036.0,NEW YORK,Full Address,1560 BROADWAY
209595257,MANHATTAN,999.0,3.0,1560,BROADWAY,NEW YORK,10036.0,NEW YORK,Full Address,1560 BROADWAY
209595266,MANHATTAN,1014.0,39.0,214,WEST 43 STREET,NEW YORK,10036.0,NEW YORK,Full Address,214 WEST 43 STREET
209599152,MANHATTAN,,,,S W C O WEST 43RD 8TH,NEW YORK,,NEW YORK,Intersection,S W C O WEST AND ST
209630814,BROOKLYN,3411.0,37.0,534,WILSON AVENUE,BROOKLYN,11207.0,NEW YORK,Full Address,534 WILSON AVENUE
211620393,BROOKLYN,,,,I O E 106 ST FLATLANDS AVE,BROOKLYN,,NEW YORK,Intersection,E 106 ST AND ST
211622373,BROOKLYN,,,,I O FOSTER AVE ROCKAWAY PARK,BROOKLYN,,NEW YORK,Intersection,FOSTER AVE AND AVE
211630028,BROOKLYN,,,,I O CORTELYOU RD E 8 ST,BROOKLYN,,NEW YORK,Intersection,CORTELYOU RD AND RD
211630980,NOT NYC,,,,I O 17TH AVE 43 STREET,,,NEW YORK,Intersection,17TH AVE AND AVE
211631027,BROOKLYN,,,,I O 14TH AVE 55 STREET,BROOKLYN,,NEW YORK,Intersection,14TH AVE AND AVE
211631678,BROOKLYN,,,,8 AVENUE 60 STREET,BROOKLYN,,NEW YORK,Insufficient Information,8 AVENUE 60 STREET
211647031,BROOKLYN,,,,3 AVE I O 46 STREET,BROOKLYN,,NEW YORK,Intersection,3 AVE AND AVE
211672845,BROOKLYN,,,,85 STREET AND FORT HAMILTON,BROOKLYN,,NEW YORK,Intersection,85 STREET AND FORT HAMILTON
211740944,NOT NYC,,,,WEST 42 ST 8 AVE,,,,Intersection,WEST AND ST
211741036,MANHATTAN,,,,W 42 ST 8TH AVE,NEW YORK,,NEW YORK,Intersection,W 42 ST AND ST
211741411,NOT NYC,,,,W 43 7 AVE S W,,,,Intersection,W 43 ST AND 7 AVE
211741420,NOT NYC,,,,W 34 ST 6 AVE N W,,,,Intersection,W 34 ST AND ST
211741430,NOT NYC,,,,13 ST 10 AVE,,,,Intersection,13 ST AND ST
211741458,NOT NYC,,,,13 ST 10 AVE,,,,Intersection,13 ST AND ST
211741613,MANHATTAN,,,,BROADWAY W 41ST STREET,NEW YORK,,NEW YORK,Intersection,BROADWAY W 41ST AND ST
211741815,MANHATTAN,,,,W 34 ST 6 AVE,NEW YORK,,NEW YORK,Intersection,W 34 ST AND ST
211741824,MANHATTAN,,,,W 14 ST 10 AVE,NEW YORK,,NEW YORK,Intersection,W 14 ST AND ST
211741833,MANHATTAN,,,,W 14 ST 10 AVE,NEW YORK,,NEW YORK,Intersection,W 14 ST AND ST
211741842,NOT NYC,,,,W 14TH ST 10TH AVE,,,,Intersection,W 14TH ST AND ST
211741907,NOT NYC,,,,W 14TH ST 10TH AVE,,,,Intersection,W 14TH ST AND ST
211742401,NOT NYC,,,,WEST 33 STREET AND 7TH AVE,,,,Intersection,WEST 33 STREET AND 7TH AVE
211743896,MANHATTAN,,,,C O EAST 14TH ST UNIVERSITY,NEW YORK,,NEW YORK,Intersection,EAST AND ST
211743905,MANHATTAN,,,661,8 AVENUE,NEW YORK,10036.0,,Full Address,661 8 AVENUE
211743914,MANHATTAN,,,,E 53 ST 5 AVE,NEW YORK,,NEW YORK,Intersection,E 53 ST AND ST
211743923,MANHATTAN,,,,54TH ST 5TH AVE,NEW YORK,,NEW YORK,Intersection,54TH ST AND ST
211743932,MANHATTAN,,,358,5 AVENUE,NEW YORK,10001.0,NEW YORK,Full Address,358 5 AVENUE
211743941,MANHATTAN,,,,WEST 37TH ST 5TH AVE,NEW YORK,,NEW YORK,Intersection,WEST AND ST
211744107,MANHATTAN,,,,S W CORNER 32 ST 6 AVENUE,NEW YORK,,NEW YORK,Intersection,S W CORNER 32 ST AND ST
211744116,MANHATTAN,,,885,AVENUE OF THE AMERICAS,NEW YORK,10001.0,NEW YORK,Full Address,885 AVENUE OF THE AMERICAS
211744125,NOT NYC,,,,BBWAY W 39 ST,,,,Insufficient Information,BBWAY W 39 ST
211744290,MANHATTAN,,,,S W C O 7TH AVE W 36 ST,NEW YORK,,NEW YORK,Intersection,S W C O 7TH AVE AND AVE
211744309,MANHATTAN,,,,S W C O 7TH AVE W 36 ST,NEW YORK,,NEW YORK,Intersection,S W C O 7TH AVE AND AVE
211744473,NOT NYC,,,,W 35TH BROADWAY,,,,Insufficient Information,W 35TH BROADWAY
211744482,NOT NYC,,,,W 40TH ST 8TH AVE,,,,Intersection,W 40TH ST AND ST
211744821,NOT NYC,,,,WEST 34 ST 6 AVE,,,,Intersection,WEST AND ST
211744859,NOT NYC,,,,WEST 35TH ST BROADWAY,,,,Intersection,WEST AND ST
211745326,MANHATTAN,,,110,WEST 34 STREET,NEW YORK,10120.0,NEW YORK,Full Address,110 WEST 34 STREET
211745335,MANHATTAN,,,,6 AVE 40TH ST,NEW YORK,,NEW YORK,Intersection,6 AVE AND AVE
211745519,MANHATTAN,,,,W 34 ST 11TH AVE,NEW YORK,,NEW YORK,Intersection,W 34 ST AND ST
211745766,NOT NYC,,,,W 34 ST 7 AVE,,,,Intersection,W 34 ST AND ST
211745784,MANHATTAN,,,,W 42 ST 6 AVE,NEW YORK,,NEW YORK,Intersection,W 42 ST AND ST
211745986,MANHATTAN,799.0,40.0,725,AVENUE OF THE AMERICAS,NEW YORK,10010.0,NEW YORK,Full Address,725 AVENUE OF THE AMERICAS
211746197,MANHATTAN,799.0,35.0,717,AVENUE OF THE AMERICAS,NEW YORK,10010.0,NEW YORK,Full Address,717 AVENUE OF THE AMERICAS
211746655,NOT NYC,,,,WEST 29 ST FIFTH AVE,,,,Intersection,WEST AND ST
211746857,MANHATTAN,,,,WEST 36 STREET 5TH AVE,NEW YORK,,NEW YORK,Intersection,WEST AND ST
211747086,NOT NYC,,,,43 ST 7 AVE,,,,Intersection,43 ST AND ST
211747095,MANHATTAN,,,,42 ST AND 8 AVE,NEW YORK,,NEW YORK,Intersection,42 ST AND 8 AVE
211747104,MANHATTAN,,,,W 44 ST 7 AVE,NEW YORK,,NEW YORK,Intersection,W 44 ST AND ST
211747315,MANHATTAN,,,,N W C O OF 40TH ST 8TH AVE,NEW YORK,,NEW YORK,Intersection,N W C O OF 40TH ST AND ST
211747526,NOT NYC,,,458,7TH AVE,,,,Full Address,458 7TH AVE
211747535,MANHATTAN,,,,34TH ST 8 AVE,NEW YORK,,NEW YORK,Intersection,34TH ST AND ST
211747719,MANHATTAN,,,,W 42 AND 6TH AVE,NEW YORK,,NEW YORK,Intersection,W 42 AND 6TH AVE
211747883,MANHATTAN,,,4,PENN PLAZA,NEW YORK,10121.0,,Full Address,4 PENN PLAZA
211747892,MANHATTAN,,,4,PENN PLAZA,NEW YORK,10121.0,,Full Address,4 PENN PLAZA
211748278,MANHATTAN,,,,N W C O 40TH ST 8TH AVE,NEW YORK,,NEW YORK,Intersection,N W C O 40TH ST AND ST
211748415,MANHATTAN,,,725,AVENUE OF THE AMERICAS,NEW YORK,10010.0,NEW YORK,Full Address,725 AVENUE OF THE AMERICAS
211748424,MANHATTAN,,,,44 ST BROADWAY,NEW YORK,,NEW YORK,Intersection,44 ST AND ST
211748690,NOT NYC,,,157,W 33 ST,,,,Full Address,157 W 33 ST
211748709,MANHATTAN,,,,S W 42 ST 7 AVE,NEW YORK,,NEW YORK,Intersection,S W 42 ST AND ST
211748718,MANHATTAN,,,,S W 42 ST 7 AVE,NEW YORK,,NEW YORK,Intersection,S W 42 ST AND ST
211748727,MANHATTAN,,,,6 AVE 34 ST,NEW YORK,,NEW YORK,Intersection,6 AVE AND AVE
211748736,NOT NYC,,,,W 42 ST 7 AVE,,,,Intersection,W 42 ST AND ST
211748745,NOT NYC,,,20,HUDSON BLVD,,,,Full Address,20 HUDSON BLVD
211748754,NOT NYC,,,20,HUDSON BLVD,,,,Full Address,20 HUDSON BLVD
211748763,NOT NYC,,,20,HUDSON BLVD,,,,Full Address,20 HUDSON BLVD
211749020,NOT NYC,,,,5TH AVE W 33 STREET,,,,Intersection,5TH AVE AND AVE
211749111,NOT NYC,,,,8 AVE W 40 ST,,,,Intersection,8 AVE AND AVE
211749259,MANHATTAN,,,,WEST 41 ST 7TH AVE,NEW YORK,,NEW YORK,Intersection,WEST AND ST
211749268,MANHATTAN,,,,WEST 40TH ST 7TH AVE,NEW YORK,,NEW YORK,Intersection,WEST AND ST
211749277,MANHATTAN,,,,WEST 32ND ST BROADWAY,NEW YORK,,NEW YORK,Intersection,WEST AND ST
211749643,MANHATTAN,,,,34TH 6TH AVE,NEW YORK,,NEW YORK,Insufficient Information,34TH 6TH AVE
211749652,MANHATTAN,,,,34TH 6TH AVE,NEW YORK,,NEW YORK,Insufficient Information,34TH 6TH AVE
211749661,MANHATTAN,,,,6 AVENUE AND WEST 30 STREET,NEW YORK,,NEW YORK,Intersection,6 AVENUE AND WEST 30 STREET
211749854,NOT NYC,,,,W 37 STREET 6 AVENUE,,,,Insufficient Information,W 37 STREET 6 AVENUE
211752301,MANHATTAN,,,,ALBANY AVE S END AVE,NEW YORK,,NEW YORK,Intersection,ALBANY AVE AND AVE
211803231,BROOKLYN,3105.0,109.0,60,MOORE STREET,BROOKLYN,11206.0,NEW YORK,Full Address,60 MOORE STREET
211811519,BROOKLYN,2016.0,32.0,1108,FULTON STREET,BROOKLYN,11238.0,NEW YORK,Full Address,1108 FULTON STREET
211814873,BROOKLYN,1738.0,1.0,534,MARCY AVENUE,BROOKLYN,11206.0,NEW YORK,Full Address,534 MARCY AVENUE
211817100,BROOKLYN,1803.0,6.0,321,NOSTRAND AVENUE,BROOKLYN,11216.0,NEW YORK,Full Address,321 NOSTRAND AVENUE
211818256,MANHATTAN,,,,6 AVENUE AND WEST 30 STREET,NEW YORK,,NEW YORK,Intersection,6 AVENUE AND WEST 30 STREET
211818292,NOT NYC,,,,W 34 ST 11 AVE,,,,Intersection,W 34 ST AND ST
211818925,BROOKLYN,,,,MYRTLE AVE KENT AVE,BROOKLYN,,NEW YORK,Intersection,MYRTLE AVE AND AVE
211819228,BROOKLYN,1757.0,25.0,988,MYRTLE AVENUE,BROOKLYN,11206.0,NEW YORK,Full Address,988 MYRTLE AVENUE
211819365,BROOKLYN,1809.0,7501.0,545,GATES AVENUE,BROOKLYN,11216.0,NEW YORK,Full Address,545 GATES AVENUE
211893038,MANHATTAN,162.0,18.0,38,MOTT STREET,NEW YORK,10013.0,NEW YORK,Full Address,38 MOTT STREET
211911426,MANHATTAN,,,350,42ND STREET,NEW YORK,,NEW YORK,Full Address,350 42ND STREET
211911471,MANHATTAN,860.0,1.0,295,5 AVENUE,NEW YORK,10016.0,NEW YORK,Full Address,295 5 AVENUE
211912214,MANHATTAN,841.0,31.0,1,WEST 39 STREET,NEW YORK,10018.0,NEW YORK,Full Address,1 WEST 39 STREET
211913442,MANHATTAN,,,44,AVENUE OF THE AMERICAS,NEW YORK,10013.0,NEW YORK,Full Address,44 AVENUE OF THE AMERICAS
211914387,MANHATTAN,,,,WEST 36 STREET SEVENTH AVE S,NEW YORK,,NEW YORK,Intersection,WEST AND ST
211915532,MANHATTAN,781.0,2.0,2,PENN PLAZA,NEW YORK,10121.0,NEW YORK,Full Address,2 PENN PLAZA
211917402,MANHATTAN,,,,W 31 ST 8 AVE,NEW YORK,,NEW YORK,Intersection,W 31 ST AND ST
211970258,MANHATTAN,,,,WEST 109 CENTRAL PARK WEST,NEW YORK,,NEW YORK,Intersection,WEST AND ST
211991010,MANHATTAN,,,,SHERMAN AVENUE BROADWAY,NEW YORK,,NEW YORK,Insufficient Information,SHERMAN AVENUE BROADWAY
211991818,MANHATTAN,2179.0,93.0,817,WEST 181 STREET,NEW YORK,10033.0,NEW YORK,Full Address,817 WEST 181 STREET
212070192,MANHATTAN,,,,E 26 ST AND 1 AVE,NEW YORK,,NEW YORK,Intersection,E 26 ST AND 1 AVE
212080211,MANHATTAN,,,,C O W 13TH ST 6TH AVE,NEW YORK,,NEW YORK,Intersection,W 13TH ST AND ST
212080633,MANHATTAN,,,9,E 13T ST,NEW YORK,,NEW YORK,Full Address,9 E 13T ST
212082779,MANHATTAN,,,,WAVERLY PL WAVERLY PL,NEW YORK,,NEW YORK,Intersection,WAVERLY PL AND PL
212091431,NOT NYC,,,4373,WHITE PLAINS RD,,,NEW YORK,Full Address,4373 WHITE PLAINS RD
212112432,BROOKLYN,,,,OLD FULTON ST I O EVERT ST,BROOKLYN,,NEW YORK,Intersection,OLD FULTON ST AND ST
212209443,NOT NYC,,,,W 34 ST BROADWAY NWC,,,,Intersection,W 34 ST AND ST
212209452,NOT NYC,,,,WEST 40 ST 8 AVE NEC,,,,Intersection,WEST AND ST
212220690,BROOKLYN,,,,ELLERY ST MARCY AVENUE,BROOKLYN,,NEW YORK,Intersection,ELLERY ST AND ST
212220728,BROOKLYN,,,,C O GREENE AVE AND MARCY AVE,BROOKLYN,,NEW YORK,Intersection,GREENE AVE AND MARCY AVE
214540242,BROOKLYN,,,15,RIVER STREET,BROOKLYN,11249.0,NEW YORK,Full Address,15 RIVER STREET
214540289,BROOKLYN,,,,N W CORNER GRAND ST RIVER ST,BROOKLYN,,NEW YORK,Intersection,N W CORNER GRAND ST AND ST
214540316,BROOKLYN,,,15,RIVER STREET,BROOKLYN,11249.0,NEW YORK,Full Address,15 RIVER STREET
214540370,BROOKLYN,,,,N W CORNER GRAND ST RIVER ST,BROOKLYN,,NEW YORK,Intersection,N W CORNER GRAND ST AND ST
214544303,BROOKLYN,2444.0,22.0,160,SOUTH 4 STREET,BROOKLYN,11211.0,NEW YORK,Full Address,160 SOUTH 4 STREET
214544321,BROOKLYN,,,,N W CRONER GRAND ST RIVER ST,BROOKLYN,,NEW YORK,Intersection,N W CRONER GRAND ST AND ST
214544413,BROOKLYN,,,15,RIVER STREET,BROOKLYN,11249.0,NEW YORK,Full Address,15 RIVER STREET
214544422,BROOKLYN,,,15,RIVER STREET,BROOKLYN,11249.0,NEW YORK,Full Address,15 RIVER STREET
214544469,BROOKLYN,,,,N W CORNER OF GRAND STREETI,BROOKLYN,,NEW YORK,Insufficient Information,N W CORNER OF GRAND STREETI
214544660,BROOKLYN,,,,N W CORNER GRAND ST RIVER ST,BROOKLYN,,NEW YORK,Intersection,N W CORNER GRAND ST AND ST
214544689,BROOKLYN,,,15,RIVER STREET,BROOKLYN,11249.0,NEW YORK,Full Address,15 RIVER STREET
214544752,BROOKLYN,,,15,RIVER STREET,BROOKLYN,11249.0,NEW YORK,Full Address,15 RIVER STREET
214544761,BROOKLYN,,,,S E CORNER 55 I O WYTHE AVE,BROOKLYN,,NEW YORK,Insufficient Information,S E CORNER 55 I O WYTHE AVE
214544770,BROOKLYN,,,15,RIVER STREET,BROOKLYN,11249.0,NEW YORK,Full Address,15 RIVER STREET
214544799,BROOKLYN,,,15,RIVER STREET,BROOKLYN,11249.0,NEW YORK,Full Address,15 RIVER STREET
214544808,BROOKLYN,,,15,RIVER STREET,BROOKLYN,11249.0,NEW YORK,Full Address,15 RIVER STREET
214544817,BROOKLYN,,,,C O HUMBOLDT MAUJER ST,BROOKLYN,,NEW YORK,Insufficient Information,HUMBOLDT MAUJER ST
214548813,BROOKLYN,,,15,RIVER STREET,BROOKLYN,11249.0,NEW YORK,Full Address,15 RIVER STREET
214549226,BROOKLYN,,,15,RIVER STREET,BROOKLYN,11249.0,NEW YORK,Full Address,15 RIVER STREET
214549244,BROOKLYN,,,15,RIVER STREET,BROOKLYN,11249.0,NEW YORK,Full Address,15 RIVER STREET
214549318,BROOKLYN,,,15,RIVER STREET,BROOKLYN,11249.0,NEW YORK,Full Address,15 RIVER STREET
214549785,BROOKLYN,,,4779,RIVER STREET,BROOKLYN,,NEW YORK,Full Address,4779 RIVER STREET
214549840,BROOKLYN,,,15,RIVER STREET,BROOKLYN,11249.0,NEW YORK,Full Address,15 RIVER STREET
214549859,BROOKLYN,,,15,RIVER STREET,BROOKLYN,11249.0,NEW YORK,Full Address,15 RIVER STREET
214549931,BROOKLYN,,,15,RIVER STREET,BROOKLYN,11249.0,NEW YORK,Full Address,15 RIVER STREET
214549940,BROOKLYN,,,15,RIVER STREET,BROOKLYN,11249.0,NEW YORK,Full Address,15 RIVER STREET
214583436,BROOKLYN,3123.0,5.0,443,BUSHWICK AVENUE,BROOKLYN,11206.0,NEW YORK,Full Address,443 BUSHWICK AVENUE
214583591,BROOKLYN,,,,I O MANHATTAN AVE SCHOLES ST,BROOKLYN,,NEW YORK,Intersection,MANHATTAN AVE AND AVE
